seq_id,seq_type,R_1,R_2,R_3,R_4,R_5,R_6,R_7,R_8,R_9,R_10,R_11,R_12,R_13,R_14,R_15,R_16,R_17,R_18,R_19,R_20,R_21,R_22,R_23,R_24,R_25,R_26,R_27,R_28,R_29,R_30,R_31,R_32,R_33,R_34,R_35,R_36,R_37,R_38,R_39,R_40,R_41,R_42,R_43,R_44,R_45,R_46,R_47,R_48,R_49,R_50,R_51,R_52,R_53,R_54,R_55,R_56,R_57,R_58,R_59,R_60,R_61,R_62,R_63,R_64,R_65,R_66,R_67,R_68,R_69,R_70,R_71,R_72,R_73,R_74,R_75,R_76,R_77,R_78,R_79,R_80,R_81,R_82,R_83,R_84,R_85,R_86,R_87,R_88,R_89,R_90,R_91,R_92,R_93,R_94,R_95,R_96,R_97,R_98,R_99,R_100,R_101,R_102,R_103,R_104,R_105,R_106,R_107,R_108,R_109,R_110,R_111,R_112,R_113,R_114,R_115,R_116,R_117,R_118,R_119,R_120,R_121,R_122,R_123,R_124,R_125,R_126,R_127,R_128,R_129,R_130,R_131,R_132,R_133,R_134,R_135,R_136,R_137,R_138,R_139,R_140,R_141,R_142,R_143,R_144,R_145,R_146,R_147,R_148,R_149,R_150,R_151,R_152,R_153,R_154,R_155,R_156,R_157,R_158,R_159,R_160,R_161,R_162,R_163,R_164,R_165,R_166,R_167,R_168,R_169,R_170,R_171,R_172,R_173,R_174,R_175,R_176,R_177,R_178,R_179,R_180,R_181
seq16_binder,Binder,,,,,,,,,,,,,,,,,,,,,,,,,,,,,,,,,,,,,,,,,,,,,,,,,-0.0488,-0.0002,-0.0386,-0.0797,,,-0.0188,,,-0.0999,0.1474,,-0.0,-0.0128,,,,,,,,,,,,,,,,,0.1881,,-0.0283,,0.0001,,,,-0.0,-0.0008,0.0963,,,-0.0184,,-0.0126,,-0.0019,,,,,,,,,,-0.1455,-0.0626,-0.0027,-0.0,-0.0009,,,,-0.0012,-0.0138,-0.0031,-0.0003,,,-0.0001,-0.0,0.2773,-0.0324,-0.2119,,,,,,,,,,,,,,,,,0.0463,0.0,0.0,,,,,,,,,,,,,,,,-0.0,,,,,0.0,,,0.0115,,,,-0.0,,,,,,,,,,
seq14_binder,Binder,,,,,,,,,,,,,,,,,,,,,,,,,,,,,,,,,,,,,,,,,,,,,,,,,-0.5573,-0.0373,-0.4603,-0.0746,,-0.0,0.0727,,-0.0,-0.421,-0.0011,,,0.0,,,,,,,,,,,,,,,,,0.5788,,0.0,,,,,,,0.2898,0.5982,,,-0.0285,,0.5185,,-0.0276,,-0.0,,,,,,,,-0.3329,-0.1569,-0.1634,,,,,,,-0.0201,,-0.013,,,-0.0089,,-0.0601,-0.0006,-0.1052,,,,,,,,,,,,,,,,,-0.0192,,,,,,,,,,,,,,,,,,,-0.0,,,,,,,-0.0012,,,,,,,,,,,,,,
seq10_binder,Binder,,,,,,,,,,,,,,,,,,,,,,,,,,,,,,,,,,,,,,,,,,,,,,,,,-0.1375,-0.0005,-0.1248,-0.2653,,-0.0,-0.1319,,,-0.4444,-0.084,,0.0021,-0.0763,,,,,,,,,,,,,,,,,-0.4303,,-0.2034,,-0.0,,,,-0.0,-0.0009,0.0033,,,-0.0365,,-0.1196,,-0.0036,,,,,,,,,,-0.4057,-0.2561,-0.0234,-0.0,-0.0013,,,,,-0.0003,-0.0,-0.0001,,,-0.0001,,0.0301,-0.2105,-0.5553,,,,,,,,,,,,,,,,,-0.1328,,,,,,,,,,,,,,,,,-0.0,0.321,0.0689,-0.0,-0.0019,-0.0961,-0.0684,,-0.0001,-0.1125,,,,,,,,,,,,,,
seq17_binder,Binder,,,,,,,,,,,,,,,,,,,,,,,,,,,,,,,,,,,,,,,,,,,,,,,,,-0.2811,-0.0031,-0.0051,0.0766,,,0.5555,,,0.2863,0.0187,,0.0,0.0007,,,,,,,,,,,,,,,,,0.8193,,,,0.0278,,,,0.0,0.0016,0.0012,,-0.0,0.0028,,0.0004,,-0.0017,,,,,,,,,,-0.3367,-0.0004,0.3926,,-0.0012,,,,,0.0871,-0.0,-0.0,,,-0.0019,,-0.0063,-0.0007,-0.0272,,,,,,,,,,,,,,,,,-0.0093,,,,,,,,,,,,,,,,,,-0.0,,,,-0.0018,-0.0007,,,0.0144,,,,,,,,,,,,,,
seq39_binder,Binder,,,,,,,,,,,,,,,,,,,,,,,,,,,,,,,,,,,,,,,,,,,,,,,,,-0.0008,-0.0,0.0001,0.0232,,,0.012,,,0.0254,-0.0539,,0.0051,0.0787,,,,,,,,,,,,,,,,,0.0973,,0.1829,,0.0031,,,-0.0001,-0.0006,-0.0002,0.0039,,,0.0355,,0.0716,,-0.0,,,,,,,,,,0.0037,0.0007,-0.1504,-0.0373,-0.0069,,,,-0.0,-0.0018,-0.0,-0.0009,,,-0.0867,-0.0092,-0.0707,0.0135,0.011,,,,,,,,,,,,,,,,,-0.0636,-0.0001,-0.0,,,,,,,,,,,,,,,-0.0,-0.0019,-0.0001,,-0.0356,-0.0109,-0.008,,-0.0054,-0.0367,,,,,,,,,,,,,,
seq42_binder,Binder,,,,,,,,,,,,,,,,,,,,,,,,,,,,,,,,,,,,,,,,,,,,,,,,,-0.0296,-0.0,-0.0001,-0.0033,,,-0.0038,,,-0.447,-0.0151,,,,,,,,,,,,,,,,,,,,,,-0.0033,,-0.0,,,,-0.0,-0.0172,0.0268,,-0.0007,-0.0028,,-0.0021,,-0.0,,,,,,,,,,-0.0327,-0.0026,-0.0,,-0.0038,-0.0,-0.0003,-0.0225,-0.0015,-0.1422,-0.0001,-0.0365,-0.0,-0.0,0.0042,,0.0713,-0.0033,-0.3888,,,,,,,,,,,,,,,-0.0004,,0.326,,0.0,,-0.0,,,,,,,,,,,,,,-0.0001,,,,,0.0663,,,0.0109,-0.0014,,,-0.0008,,,,,,,,,,
pair_3069_binder,Binder,,,,,,,,,,,,,,,,,,,,,,,,,,,,,,,,,,,,,,,,,,,,,,,,,-0.0142,-0.0001,-0.0007,0.0112,,,-0.2661,-0.0074,,-0.1557,-0.0173,0.0871,0.0039,-0.0886,,,-0.0001,,,,,,,,,,,,,,-0.3968,,-0.474,,-0.0,,,,,,,,,-0.2983,,-0.1324,,-0.0,,,,,,,,,,-0.008,-0.0,-0.172,,-0.0223,,,,,,,,,,-0.0889,,-0.3482,,-0.002,,,,,,,,,,,,,,,,,-0.6154,-0.0,-0.1387,,,,,,,,,,,,,,,,-0.0006,-0.154,,-0.0013,-0.1314,-0.2607,,-0.0,0.0449,,,,,,,,,,,,,,
pair_3070_binder,Binder,,,,,,,,,,,,,,,,,,,,,,,,,,,,,,,,,,,,,,,,,,,,,,,,,-0.0586,-0.0001,-0.0035,-0.0511,,,-0.3185,-0.0001,,-0.2546,-0.0589,,-0.0,-0.0425,,,,,,,,,,,,,,,,,-0.3623,,-0.1255,,,,,,,,,,,-0.1242,,-0.1405,,-0.004,,-0.0,,,,,,,,-0.0491,-0.0221,-0.2308,-0.0031,-0.0485,,,,,,,-0.0,,,0.2759,-0.0055,0.0238,-0.0127,-0.1192,,,,,,,,,,,,,,,,,0.0813,-0.0003,-0.0013,,,,,,,,,,,,,,,,,-0.0001,,,0.0,0.1312,,,0.114,-0.0001,,,-0.0,,,,,,,,,,
pair_3074_binder,Binder,,,,,,,,,,,,,,,,,,,,,,,,,,,,,,,,,,,,,,,,,,,,,,,,,-0.0001,,,-0.0014,,,-0.068,-0.0,,-0.0577,-0.0147,-0.0094,0.0615,-0.0731,,,-0.0,,,,,,,,,,,,,,-0.0764,,-0.1483,,-0.0,,,,,,,,,-0.1297,,-0.0963,,,,,,,,,,,,-0.0,-0.0,-0.1845,,0.0405,,,,,,,,,,-0.0096,,-0.2351,-0.0033,-0.0536,,,,,,,,,,,,,,,,,-0.2209,-0.0008,-0.1569,,,,,,,,,,,,,,,,,-0.0313,,,0.0007,-0.1867,,-0.0,0.059,-0.0011,,,-0.0003,,,,,,,,,,
pair_3092_binder,Binder,,,,,,,,,,,,,,,,,,,,,,,,,,,,,,,,,,,,,,,,,,,,,,,,,-0.0008,,-0.0004,-0.0113,,,-0.0132,,,-0.0611,-0.085,,0.0,-0.0118,,,,,,,,,,,,,,,,,-0.3826,,-0.1814,,-0.0,,,,,,,,,-0.251,,-0.0264,,-0.0,,,,,,,,,,-0.0075,-0.0111,0.172,0.0026,-0.1205,,,,,,,-0.0,,,0.3542,0.3988,0.3132,-0.0079,-0.0213,,,,,,,,,,,,,,,,,-0.4285,-0.0,0.0035,,,,,,,,,,,,,,,,,0.0,,,-0.0002,0.042,,,-0.0009,,,,,,,,,,,,,,
pair_3098_binder,Binder,,,,,,,,,,,,,,,,,,,,,,,,,,,,,,,,,,,,,,,,,,,,,,,,-0.0,-0.0054,-0.0,-0.0123,-0.0195,-0.0002,-0.0,-0.0849,-0.0014,,-0.2548,-0.0008,-0.0199,-0.0206,0.0549,,-0.0,-0.0024,-0.0,,,,,,,,,,,,,0.037,,0.1841,,0.006,,,,,,,,,0.0207,,0.0619,,,,,,,,,,,,-0.0082,-0.0021,-0.2396,,0.011,,,,,,,,,,-0.2588,,-0.2994,-0.0046,-0.0578,,,,,,,,,,,,,,,,,-0.3196,-0.0001,-0.0018,,,,,,,,,,,,,,,,,-0.0004,-0.0,-0.0005,-0.1116,-0.0553,,,-0.0378,-0.0,,,-0.0,,,,,,,,,,
pair_3059_nb,False Positive,,,,,,,,,,,,,,,,,,,,,,,,,,,,,,,,,,-0.0002,,,,,,,,,,,,,,,-0.0,,,,,,-0.0019,,,-0.0024,0.2088,0.2928,0.0225,0.1279,,,,,,,,,,,,,,,,,-0.044,,-0.0425,,-0.0,,,,0.0002,-0.0,,,,,,-0.0681,,-0.0,,,,,,,,,,-0.0008,-0.0001,-0.0037,,,,,,,,,,,,,,-0.2131,-0.0,-0.0021,,,,,,,,,,,,,,,,,0.0274,,,,,,,,,,,,,,,,,,0.0,0.0804,,-0.0,0.3183,0.2386,-0.0001,-0.0126,-0.0436,-0.0047,,,-0.0001,,,,,,,,,,
pair_3062_binder,Binder,,,,,,,,,,,,,,,,,,,,,,,,,,,,,,,,,,,,,,,,,,,,,,,,,-0.0011,-0.0,-0.0028,-0.2716,,,-0.4627,-0.0,,-0.0259,-0.2595,,,-0.2955,,,,,,,,,,,,,,,,,-0.0706,,-0.5714,,-0.0,,,,,,,,,-0.5273,,-0.1936,,-0.0,,,,,,,,,,-0.0056,-0.0028,-0.2097,-0.0885,-0.0522,,,,,,,,,,-0.0437,-0.0313,0.0281,-0.0022,-0.0091,,,,,,,,,,,,,,,,,-0.6197,-0.0001,-0.0004,,,,,,,,,,,,,,,,,-0.0,,,-0.0012,0.0033,,,0.0398,,,,,,,,,,,,,,
pair_3063_binder,Binder,,,,,,,,,,,,,,,,,,,,,,,,,,,,,,,,-0.0007,-0.0,-0.0277,,-0.0,,,,,,,,,,,,,-0.0029,-0.1425,-0.0029,-0.0125,,,-0.0047,,-0.0008,-0.1067,-0.0,-0.0,0.0043,-0.0,,,,,,,,,,,,,,,,,-0.0,,,,,,,,,,,,,-0.0037,,-0.0015,,,,,,,,,,,-0.0,-0.0,-0.0,-0.0012,-0.0001,-0.0004,,,,,-0.0,,-0.0,,,0.0067,-0.0,-0.0733,-0.0722,-0.1545,,,,,,,,,,,,,,,-0.0,,-0.2988,-0.1278,-0.0267,,,,,,,,,,,,,,-0.0,,-0.0001,0.1265,-0.0012,-0.0,0.0012,-0.0232,,,-0.0375,-0.002,,,-0.0,,,,,,,,,,
pair_3066_binder,Binder,,,,,,,,,,,,,,,,,,,,,,,,,,,,,,,,,,,,,,,,,,,,,,,,,-0.007,-0.0,-0.0014,-0.3562,,,-0.295,,,-0.2603,-0.1135,,0.0,-0.248,,,-0.0,,,,,,,,,,,,,,-0.087,,-0.2784,,,,,,,,,,,-0.1564,,-0.1456,,-0.0002,,,,,,,,,,-0.1915,-0.1336,-0.0781,-0.0,0.0029,,,,,,,,,,0.0058,-0.0,0.2398,-0.1537,-0.3004,,,,,,,,,,,,,,,,,-0.1402,-0.0,-0.0,-0.0,,,,,,,,,,,,,,,,0.0004,,,0.0,0.1481,,,0.0722,,,,-0.0,,,,,,,,,,
pair_3067_binder,Binder,,,,,,,,,,,,,,,,,,,,,,,,,,,,,,,,,,,,,,,,,,,,,,,,,,,,-0.0012,,,-0.2982,,,,-0.0236,,,-0.0906,,,,,,,,,,,,,,,,,-0.3228,0.589,0.0758,-0.0,0.6296,,,,,,,,0.6756,0.8923,0.0,-0.1337,,,,,,,,,,,,,,-0.0019,-0.0,0.329,,,,,,,,,,-0.0004,,-0.0676,,,,,,,,,,,,,,,,,,,-0.0,,,,,,,,,,,,,,,,,,,,,,,-0.0626,,,-0.0,,,,,,,,,,,,,,
pair_3068_binder,Binder,,,,,,,,,,,,,,,,,,,,,,,,,,,,,,,,,,,,,,,,,,,,,,,,,-0.0012,-0.0,-0.0001,-0.0003,,,-0.0267,,,-0.1969,-0.3164,,,-0.0018,,,,,,,,,,,,,,,,,-0.0654,,-0.0104,,,,,,,,,,,-0.0017,,-0.0129,,-0.0,,,,,,,,,,-0.1412,-0.0574,-0.0366,,-0.0137,,,,,,,,,,0.0039,-0.0,0.206,-0.2411,-0.2069,,,,,,,,,,,,,,,,,0.2239,-0.0006,0.0005,,,,,,,,,,,,,,,,,0.0022,,,0.0001,0.1662,,,0.2334,-0.0001,,,-0.0,,,,,,,,,,
pair_3071_binder,Binder,,,,,,,,,,,,,,,,,,,,,,,,,,,,,,,,,,,,,,,,,,,,,,,,-0.0,-0.0036,-0.0,-0.047,-0.0373,-0.0,-0.0,-0.2276,-0.0022,,-0.0706,-0.028,,-0.0,0.0536,,,-0.0,,,,,,,,,,,,,,-0.0419,,0.0951,,0.0946,,,,,-0.0002,-0.0001,,,0.0911,,0.1121,,-0.0009,,,,,,,,,,0.036,0.0152,-0.0119,-0.0,-0.0004,,,,,-0.0005,-0.0001,-0.0006,-0.0003,-0.0003,0.015,-0.0,-0.0968,0.035,0.0527,,,,,,,,,,,,,,,,,-0.1234,-0.0,-0.0002,,,,,,,,,,,,,,,,,-0.0,,,-0.0,-0.0014,,,-0.0107,,,,,,,,,,,,,,
pair_3072_binder,Binder,,,,,,,,,,,,,,,,,,,,,,,,,,,,,,,,,,,,,,,,,,,,,,,,,,,,-0.0001,,,-0.2399,,,-0.0877,-0.2156,,0.0007,-0.5205,,,,,,,,,,,,,,,,,-0.6937,,-0.8027,,0.0001,,,,,,,,,-0.6804,,-0.539,,,,,,,,,,,-0.0,-0.0,-0.0,-0.1744,-0.0192,0.009,,,,,0.0,,0.0001,,,0.0824,-0.0022,-0.0529,-0.0,-0.0008,,,,,,,,,,,,,,,,,-0.1744,-0.0,-0.0,,,,,,,,,,,,,,,,,0.0229,,,0.0004,0.4846,,,0.1451,,,,,,,,,,,,,,
pair_3073_binder,Binder,,,,,,,,,,,,,,,,,,,,,,,,,,,,,,,,,,,,,,,,,,,,,,,,,-0.0,,,-0.0001,,,-0.0,,,-0.1667,-0.1942,0.0885,0.0398,0.1196,,,,,,,,,,,,,,,,,,,-0.0001,,0.0,,,,,,,,,0.0212,,-0.0037,,,,,,,,,,,,-0.0162,-0.0096,-0.2663,-0.0,0.0497,,,,,,,,,,0.7136,-0.0,0.5645,-0.0323,-0.2238,,,,,,,,,,,,,,,,,0.2852,-0.0003,-0.001,,,,,,,,,,,,,,,,-0.0,-0.0086,,,-0.0077,-0.0292,,,0.1914,,,,,,,,,,,,,,
pair_3075_binder,Binder,,,,,,,,,,,,,,,,,,,,,,,,,,,,,,,,,,,,,,,,,,,,,,,,,-0.0001,,-0.0,-0.0259,,,-0.135,-0.0001,,-0.2189,-0.0621,,-0.0,-0.1647,,,,,,,,,,,,,,,,,-0.267,,-0.4354,,-0.0,,,,,,,,,-0.1709,,-0.2227,,-0.0,,,,,,,,,-0.0048,-0.006,-0.0021,-0.0348,,-0.0051,,,,,,,,,,0.0174,,-0.0618,-0.0358,-0.2141,,,,,,,,,,,,,,,,,-0.1805,-0.0004,0.0,,,,,,,,,,,,,,,,,0.0002,,,0.0,0.2299,,,0.0289,-0.0,,,-0.0001,,,,,,,,,,
pair_3076_binder,Binder,,,,,,,,,,,,,,,,,,,,,,,,,,,,,,,,,,-0.0,,,,,,,,,,,,,,-0.0,-0.0007,,-0.0002,-0.0005,,-0.0,-0.069,-0.0,,-0.2068,-0.0556,-0.0,0.0856,-0.0726,,,,,,,,,,,,,,,,,-0.3501,,-0.2002,,-0.0,,,,,,,,,-0.0979,,-0.0881,,,,,,,,,,,,-0.0007,-0.0001,0.007,-0.0,-0.0079,,,,,-0.0,,,,,0.3539,-0.0,0.2803,-0.0053,-0.1211,,,,,,,,,,,,,,,,,0.0048,-0.0002,-0.025,,,,,,,,,,,,,,,,-0.0,-0.0553,,,-0.0254,-0.1449,,,0.2122,-0.0,,,-0.0,,,,,,,,,,
pair_3077_binder,Binder,,,,,,,,,,,,,,,,,,,,,,,,,,,,,,,,,,,,,,,,,,,,,,,,,-0.0263,-0.0017,-0.0125,-0.1011,,,-0.1665,-0.0,,-0.1197,-0.0933,,,-0.1023,,,,,,,,,,,,,,,,,-0.1117,,-0.4004,,-0.0,,,,,,,,,-0.2889,,0.0266,,-0.0012,,,,,,,,,,-0.0484,-0.0351,-0.213,-0.005,-0.0094,,,,,,,,,,0.015,-0.0013,0.1596,-0.0115,-0.1141,,,,,,,,,,,,,,,,,-0.4787,-0.0,-0.0001,,,,,,,,,,,,,,,,,-0.0,,,,0.0212,,,0.1283,,,,-0.0,,,,,,,,,,
pair_3078_binder,Binder,,,,,,,,,,,,,,,,,,,,,,,,,,,,,,,,,,,,,,,,,,,,,,,,-0.0,-0.1796,-0.0004,-0.1674,-0.2783,,-0.0,0.0776,,,-0.5784,0.105,,,-0.0048,,,,,,,,,,,,,,,,,0.0999,,-0.0068,,,,,,,,,,,-0.0018,,-0.0009,,-0.0031,,-0.0,,,,,,,,-0.1923,-0.0708,-0.1671,-0.0,0.0762,,,,,,,,,,0.0023,-0.0,0.1518,-0.021,-0.351,,,,,,,,,,,,,,,-0.0,,-0.3607,-0.0,,,,,,,,,,,,,,,,,,,,,,0.0197,,,-0.0067,-0.0059,,,-0.0001,,,,,,,,,,
pair_3079_binder,Binder,,,,,,,,,,,,,,,,,,,,,,,,,,,,,,,,,,,,,,,,,,,,,,,,,-0.0027,,-0.0012,-0.0096,,,-0.1009,,,-0.6313,0.0193,,,-0.0237,,,-0.0,,,,,,,,,,,,,,-0.5003,,-0.1586,,,,,,,,,,,-0.0207,,-0.064,,,,,,,,,,,,-0.292,-0.1005,0.0987,,0.1283,,,,,,,,,,-0.0791,,-0.4708,-0.3135,-0.6998,,,,,,,,,,,,,,,,,-0.0072,-0.0037,-0.0062,,,,,,,,,,,,,,,,,-0.0035,,,-0.3357,-0.1594,,,0.1772,,,,-0.0,,,,,,,,,,
pair_3080_binder,Binder,,,,,,,,,,,,,,,,,,,,,,,,,,,,,,,,,,,,,,,,,,,,,,,,,-0.0008,,,-0.0001,,,-0.0151,,,-0.4618,0.1973,-0.0032,,-0.0044,,,,,,,,,,,,,,,,,-0.1701,,-0.0123,,,,,,,,,,,-0.0053,,-0.0088,,-0.0,,,,,,,,,,-0.0202,-0.0099,-0.0726,-0.0,-0.0048,,,,,,,-0.0,,,0.0034,-0.0,0.0758,-0.0541,-0.3527,,,,,,,,,,,,,,,-0.0,,0.0962,-0.0061,-0.0005,,,,,,,,,,,,,,,,,0.0153,,,-0.0002,0.2578,,,-0.0199,-0.0171,,,-0.0016,,,,,,,,,,
pair_3085_binder,Binder,,,,,,,,,,,,,,,,,,,,,,,,,,,,,,,,-0.0,-0.0,-0.0001,,,,,,,,,,,,,,,,-0.0264,-0.0002,-0.1076,,,-0.0562,,,-0.297,-0.0273,,,-0.1969,,,,,,,,,,,,,,,,,-0.1349,,-0.5807,,-0.0,,,,,,,,,-0.4537,,-0.2157,,,,,,,,,,,-0.0094,-0.0001,-0.0011,-0.3768,-0.1155,-0.0335,,,,,,,,,,-0.0917,-0.057,-0.136,-0.0024,-0.0033,,,,,,,,,,,,,,,,,-0.0063,-0.0008,-0.0046,,,,,,,,,,,,,,,,,0.0,-0.0,,-0.0,0.0033,,,-0.0059,-0.0,,,-0.0,,,,,,,,,,
pair_3086_binder,Binder,,,,,,,,,,,,,,,,,,,,,,,,,,,,,,,,,,-0.0,,,,,,,,,,,,-0.0001,,,-0.194,-0.0,-0.0007,-0.0046,,-0.0,-0.0168,-0.0,,-0.3283,0.2555,-0.0,-0.0003,-0.0079,,,,,,,,,,,,,,,,,-0.4159,,-0.0914,,-0.0,,,,,,,,,-0.024,,-0.1313,,,,,,,,,,,-0.1211,-0.0929,-0.0379,-0.1139,-0.0,-0.0105,,,,,,,,,,-0.0006,,-0.3057,-0.1919,-0.3664,,-0.0,,,,,,,,,,,,,-0.0008,,0.0015,-0.0086,-0.0015,,,,,,,,,,,,,,,,,,,,-0.0026,-0.0413,,,0.0218,-0.025,,,-0.026,,,,,,,,,,
pair_3087_binder,Binder,,,,,,,,,,,,,,,,,,,,,,,,,,,,,,,,,,,,,,,,,,,,,,,,,-0.0029,-0.0001,-0.0,0.0129,,,-0.0114,,,-0.0299,-0.0841,-0.0004,0.0,-0.1089,,,,,,,,,,,,,,,,,-0.3608,,-0.49,,,,,,,,,,,-0.264,,-0.1832,,-0.0002,,,,,,,,,,-0.0041,-0.0002,0.1052,-0.0002,0.1111,,,,,,,0.0,,,0.3006,-0.025,-0.084,-0.0012,-0.0405,,,,,,,,,,,,,,,,,-0.2115,-0.0,-0.0036,,,,,,,,,,,,,,,,-0.0,0.0085,-0.0,-0.0,-0.0004,0.051,,,0.0979,,,,,,,,,,,,,,
pair_3088_binder,Binder,,,,,,,,,,,,,,,,,,,,,,,,,,,,,,,,,,,,,,,,,,,,,,-0.0,,-0.0,-0.0386,,-0.0012,-0.0111,,,-0.0198,,,-0.2645,-0.0318,,,-0.0518,,,,,,,,,,,,,,,,,-0.2075,,-0.0997,,-0.0,,,,,,,,,-0.0514,,-0.0314,,-0.0,,,,,,,,,-0.0276,-0.1345,-0.0348,-0.1251,,0.0117,,,,,,,,,,0.0002,,-0.1093,-0.2061,-0.2922,,,,,,,,,,,,,,,,,-0.0524,-0.0051,-0.002,,,,,,,,,,,,,,,,,0.0,,,0.0004,0.0005,,,0.1682,-0.0,,,-0.0002,,,,,,,,,,
pair_3091_binder,Binder,,,,,,,,,,,,,,,,,,,,,,,,,,,,,,,,,,,,,,,,,,,,,,,,,,,-0.0,-0.3748,,,-0.2924,,,-0.1948,-0.1366,,,-0.3173,,,,,,,,,,,,,,,,,-0.1761,,-0.59,,,,,,,,,,,-0.2109,,-0.2048,,,,,,,,,,,,-0.0985,-0.0697,-0.1191,-0.0,0.098,,,,,,,,,,0.0266,-0.0,0.3314,-0.0737,-0.1991,,,,,,,,,,,,,,,,,-0.3161,,-0.0,,,,,,,,,,,,,,,,,0.0014,,,0.0,0.1339,,,0.1871,,,,,,,,,,,,,,
pair_3099_binder,Binder,,,,,,,,,,,,,,,,,,,,,,,,,,,,,,,,,,,,,,,,,,,,,,,,,,,,,,,-0.0,,,0.2989,-0.0064,0.1878,-0.0,-0.0,,,,,,,,,,,,,,,,,-0.0024,,-0.0026,,-0.0,,,,,,,,,-0.0043,,-0.0001,,,,,,,,,,,,,,,,-0.0,,,,,,,,,,-0.0131,,-0.5782,-0.0,-0.0,,,,,,,,,,,,,,,,,0.7874,-0.0,-0.011,,,,,,,,,,,,,,,,,-0.0077,,,-0.0294,0.3459,,-0.0049,0.027,-0.0005,,-0.0,,,,,,,,,,,
pair_3100_binder,Binder,,,,,,,,,,,,,,,,,,,,,,,,,,,,,,,,,,,,,,,,,,,,,,,,,,,,,,,-0.0004,,,-0.0132,-0.0243,-0.0,-0.0,0.069,,,,,,,,,,,,,,,,,0.6474,,0.6798,-0.0,-0.0002,,,,,,-0.0001,-0.0021,-0.0001,0.0267,,0.1287,,,,,,,,,,,,,,0.0023,-0.0253,0.0699,,-0.0001,-0.0,,0.0169,,0.002,-0.0,-0.0,-0.4405,-0.1569,-0.7605,,-0.0,,,,,,,,,,,,,,,,,-0.7088,,-0.0,,,,,,,,,,,,,,,,-0.0,-0.0003,,,-0.0006,-0.0001,,,-0.0165,,,,,,,,,,,,,,
pair_3101_binder,Binder,,,,,,,,,,,,,,,,,,,,,,,,,,,,,,,,,,,,,,,,,,,,,,,,,-0.0006,-0.0,-0.0001,-0.0001,,,-0.0032,,,-0.1933,-0.062,0.0547,0.0013,-0.0146,,,,,,,,,,,,,,,,,-0.3148,,-0.2177,,0.0001,,,,,,,,,-0.0904,,-0.0743,,,,,,,,,,,,-0.0069,-0.0021,-0.1621,-0.0,-0.005,,,,,-0.0,,-0.0,,,0.3124,-0.0,0.0212,-0.0383,-0.2451,,,,,,,,,,,,,,,,,-0.0472,-0.0017,-0.0116,,,,,,,,,,,,,,,,,-0.0072,,,-0.0022,-0.1119,,,0.1913,-0.0002,,,-0.0,,,,,,,,,,
pair_3103_binder,Binder,,,,,,,,,,,,,,,,,,,,,,,,,,,,,,,,,,,,,,,,,,,,,,,,,-0.3301,-0.0185,-0.2112,0.138,-0.0,-0.0001,0.3482,,-0.0,-0.0586,0.0799,,,0.0005,,,,,,,,,,,,,,,,,0.7714,,0.0768,,0.0,,,,,,,,,0.0307,,0.026,,-0.0402,,-0.0,,,,,,,,-0.424,-0.2219,-0.0327,0.0,0.003,,,,,,,,,,,,-0.0051,-0.0014,-0.1713,,,,,,,,,,,,,,,,,-0.0317,,,,,,,,,,,,,,,,,,,,,,-0.0,-0.0,,,-0.0001,,,,,,,,,,,,,,
pair_3104_binder,Binder,,,,,,,,,,,,,,,,,,,,,,,,,,,,,,,,,,,,,,,,,,,,,,,,-0.0,-0.0307,-0.0006,-0.0924,-0.0768,,,-0.0713,,,-0.4572,0.0832,,0.0,-0.0068,,,,,,,,,,,,,,,,,-0.1652,,-0.0129,,,,,,,,,,,-0.0056,,0.0526,,-0.0011,,,,,,,,,,-0.1769,-0.0715,-0.0886,-0.0,0.0283,,,,,,,,,,-0.0017,,0.1845,-0.1023,-0.4057,,,,,,,,,,,,,,,,,-0.192,-0.0,-0.0,,,,,,,,,,,,,,,,,0.0006,,,0.0003,0.034,,,0.1072,-0.0,,,,,,,,,,,,,
pair_3108_binder,Binder,,,,,,,,,,,,,,,,,,,,,,,,,,,,,,,,,,,,,,,,,,,,,,,,,-0.0018,-0.0,-0.0016,0.0024,,,-0.0157,,,-0.2225,-0.0427,,0.0068,-0.0777,,,,,,,,,,,,,,,,,-0.255,,-0.2354,,-0.0,,,,,,,,,-0.1377,,-0.0525,,,,,,,,,,,,-0.0072,-0.0004,0.1029,-0.0001,0.0073,,,,,,,-0.0,,,0.3418,-0.0,0.1819,-0.0112,-0.1369,,,,,,,,,,,,,,,,,0.0486,-0.0001,-0.0517,,,,,,,,,,,,,,,,-0.0,-0.0628,,,0.0035,-0.0901,,,0.3925,,,,-0.0,,,,,,,,,,
seq1_nb,False Positive,,,,,,,,,,,,,,,,,,,,,,,,,,,,,,,,,,-0.0002,,,,,,,,,,,,,,-0.0005,-0.0235,-0.0,-0.0282,-0.0254,-0.0001,-0.0026,0.2409,-0.0,-0.0,-0.0558,0.166,-0.0,-0.047,0.0,,,,,,,,,,,-0.0,,,,,,-0.0005,,-0.0,,,,,,-0.0007,-0.0207,-0.0777,-0.0115,-0.0,,,-0.0,,,,,,,,,,,,-0.0006,-0.0,-0.0002,,,,,,-0.0002,-0.0207,-0.0091,-0.0167,,,,,0.0021,-0.0,-0.0075,,,,,,,,,,,,,,,,,0.0356,,,,,,,,,,,,,,,,,,-0.0289,-0.0001,,-0.0001,0.2132,0.2424,-0.0001,-0.0008,-0.0399,-0.0474,,-0.0003,-0.0856,,,,,,,,,,
seq2_nb,False Positive,,,,,,,,,,,,,,,,,,,,,,,,,,,,,,,,,,,,,,,,,,,,,,,,-0.0,0.4805,0.0534,0.6025,0.3312,,-0.0,0.3675,,,0.6941,0.001,,0.0428,0.0003,,,-0.0,,,,,,,,-0.0,,,,,,-0.0007,,0.0012,,-0.0,,,,-0.0502,-0.0006,-0.0001,,,-0.0,,0.0024,0.0,-0.3362,,-0.0,-0.0056,,,,,,,-0.3851,-0.0279,0.0086,,-0.0,,,,-0.0,0.0056,-0.0,-0.0004,-0.0,-0.0,-0.0,,0.3713,,,,,,,,,,,,,,,,,,,,,,,,,,,,,,,,,,,,,-0.0048,-0.0113,,,-0.0128,-0.0002,,,0.0,,,,,,,,,,,,,,
seq3_nb,False Positive,,,,,,,,,,,,,,,,,,,,,,,,,,,,,,,,,,,,,,,,,,,,,,,,-0.0019,-0.2823,-0.0179,-0.1636,-0.1693,,-0.0001,-0.0225,-0.0,-0.0,-0.0818,0.0077,,-0.0079,-0.0001,,,,,,,,,,,-0.0,,,,,,,,-0.0001,-0.0,-0.0023,-0.0,-0.0,-0.0001,-0.0,-0.0,-0.0123,-0.0211,-0.0094,0.0001,-0.0,-0.0,,-0.0442,,-0.0,-0.0001,,,,,,,-0.2294,-0.0607,-0.0327,,-0.0206,-0.0,,-0.0014,-0.0033,-0.0656,-0.0,-0.0073,,,-0.0027,,0.0386,-0.0597,-0.2103,,,,,,,,,,,,,,,-0.0,,-0.0007,-0.0162,-0.0013,,,,,,,,,,,,,,,,-0.0026,-0.0105,,,-0.0138,-0.042,,,0.0387,-0.0057,,,-0.0015,,,,,,,,,,
seq4_nb,False Positive,,,,,,,,,,,,,,,,,,,,,,,,,,,,,,,,,,,,,,,,,,,,,,,,,,,,,,,,,,-0.004,-0.0431,-0.0001,-0.2354,-0.2209,,,,,,,,,,,,,,,,,,,-0.0704,-0.0,-0.0089,-0.0056,-0.001,-0.0025,-0.0022,-0.0366,-0.0062,-0.0011,-0.0001,-0.1457,-0.0,-0.4059,,,,,,,,,,,,-0.0,-0.0,-0.4748,-0.0002,-0.0629,,,-0.0,-0.0342,-0.1546,-0.0706,-0.0042,-0.0,-0.0,-0.1149,-0.0001,-0.1125,-0.0002,-0.0005,,,,,,,,,,,,,,,,,-0.4652,-0.0001,-0.0004,,,,,-0.0006,,,-0.0006,,,,,,,,-0.003,-0.0123,,,-0.0258,-0.0304,,,-0.2304,-0.0,,,,,,,,,,,,,
seq5_nb,False Positive,,,,,,,,,,,,,,,,,,,,,,,,,,,,,,,,,,-0.0,,,,,,,,,,,,,,,-0.0,,,-0.0005,,,,,,-0.0519,-0.5016,,-0.0015,-0.0,,,,,,,,,,,,,,,,,-0.0,,-0.0,-0.0,-0.0,,,,,-0.0,-0.001,0.0974,0.5803,0.4259,,-0.0899,,,,,,,,,,,,-0.0019,-0.0026,-0.2214,-0.0,-0.0098,,-0.0023,-0.003,-0.0063,-0.0016,-0.0001,0.0061,,,0.2413,,-0.1063,-0.0178,-0.0312,,,,,,,,,,,,,,,,,-0.1352,-0.0149,-0.0269,,,,,,,,,,,,,,,,-0.0037,0.0469,0.0,-0.0,-0.0839,0.2269,,-0.0003,-0.1077,,,,-0.0,,,,,,,,,,
seq6_nb,False Positive,,,,,,,,,,,,,,,,,,,,,,,,,,,,,,,,,,,,,,,,,,,,,,,,,-0.06,,,-0.0001,,,-0.0002,,,0.3093,0.1565,-0.0,-0.0,,,,,,,,,,,,,,,,,,,,-0.0,,,,,,,-0.0,-0.0,,-0.0,-0.0,,-0.0,,-0.0,,,,,,,,,,-0.0737,-0.0172,,,-0.0621,-0.0,-0.0007,-0.0001,-0.0001,0.1982,-0.0109,-0.0843,-0.0618,-0.0614,-0.0797,,0.5259,0.13,0.4101,,,,,,,,,,,,,,,-0.0009,-0.0,0.7409,0.0,,,-0.0,,,,,,,,,,,,,,-0.0022,,,,-0.0,-0.0,,,0.0305,-0.021,,,-0.0022,,,,,,,,,,
seq7_nb,False Positive,,,,,,,,,,,,,,,,,,,,,,,,,,,,,,,,,,,,,,,,,,,,,,,,,-0.0582,-0.0069,-0.0183,-0.1108,,,0.0454,,,0.1031,-0.0021,-0.0022,-0.0028,0.0178,,,,,,,,,,,,,,,,,0.1695,-0.0153,-0.0164,-0.0132,-0.0069,-0.0003,-0.0,,-0.0053,0.0453,-0.0582,-0.0092,-0.0794,-0.0201,-0.0002,-0.0149,,-0.0327,,,,,,,,,,-0.1647,-0.0449,-0.0321,,-0.0409,,,,-0.0001,-0.0083,,-0.0,,,-0.0049,,0.1318,-0.0003,-0.026,,,,,,,,,,,,,,,,,-0.0112,,,,,,,,,,,,,,,,,,-0.0,-0.0001,,-0.0002,-0.0003,-0.0001,,0.0012,0.0914,,-0.0,-0.0036,,,,,,,,,,,
pair_0052_nb,False Positive,,,,,,,,,,,,,,,,,,,,,,,,,,,,,,,,,,,,,,,,,,,,,,,,,-0.021,-0.0016,-0.0194,0.3429,,,0.0417,,,0.2878,0.885,-0.0001,,,,,,,,,,,,,,,,,,,-0.0,,0.0009,,,,,,,,,,,,,0.045,,-0.0001,,,,,,,,,,-0.0021,-0.0,-0.0513,-0.0528,-0.0383,,,,,,,,,,-0.0553,-0.0324,0.5508,,,,,,,,,,,,,,,,,,,,,,,,,,,,,,,,,,,,,,,,,0.0013,0.153,,,,,,,,,,,,,,,,,
pair_0091_nb,False Positive,,,,,,,,,,,,,,,,,,,,,,,,,,,,,,,,,,,,,,,,,,,,,,,,-0.2242,-0.7227,-0.0045,-0.568,-0.1898,-0.0,-0.0,0.2642,,,-0.0463,0.346,,,0.0002,,,-0.0775,,-0.0018,,,,,,-0.0012,,,,,,-0.0015,-0.0,-0.0461,,,,,,,,,,,,,0.1221,-0.0,-0.0145,,,-0.0,,,,,,,-0.0463,-0.0,0.0146,,0.0,,,,,,,,,,,,0.3259,,-0.0008,,,,,,,,,,,,,,,,,-0.0,,,,,,,,,,,,,,,,,,,,,,,-0.0,,,,-0.0001,,,-0.0003,,,,,,,,,,
pair_0246_nb,False Positive,,,,,,,,,,,,,,,,,,,,,,,,,,,,,,,,,,,,,,,,,,,,,,,,-0.0,-0.0647,-0.0,-0.0047,-0.0021,,,,,-0.0001,0.1764,-0.0605,-0.026,-0.0,-0.0001,,,,,,,,,,,,,,,,,,,-0.0,,-0.0,,,,,,,,,,,,,-0.0,,,,,,,,,,-0.1106,-0.0162,-0.0007,,,,,,,,,,,,0.0012,,0.1247,-0.0222,0.0596,,,,,,,,,,,,,,,-0.0003,,0.8319,-0.0,0.0,,,,,,,,,,,,,,,,,0.0027,,,0.2446,0.4935,-0.0,-0.0,0.1004,-0.0016,,,-0.0001,,,,,,,,,,
pair_0269_nb,False Positive,,,,,,,,,,,,,,,,,,,,,,,,,,,,,,,,,,,,,,,,,,,,,,,,-0.0061,-0.3376,-0.0495,-0.6237,-0.4972,-0.0005,,-0.1701,,,-0.506,-0.154,,-0.0001,-0.0,,,,,,,,,-0.0,,-0.0856,,,-0.0,-0.0206,-0.0021,-0.3489,,-0.0201,,,,,,,,,,,,,-0.1559,-0.0316,-0.3839,,-0.0,-0.0,,,,,,,-0.4251,-0.005,0.1201,,,,,,,,,,,,0.0001,,0.2845,,-0.0004,,,,,,,,,,,,,,,,,-0.0,,,,,,,,,,,,,,,,,,,,,,-0.0001,0.0309,,,-0.0,-0.0,,,-0.0002,,,,,,,,,,
pair_0272_nb,False Positive,,,,,,,,,,,,,,,,,,,,,,,,,,,,,,,,,,,,,,,,,,,,,,,,-0.0003,-0.0166,-0.0003,-0.1235,-0.0342,-0.0,-0.0,-0.2195,-0.0,-0.0,-0.2768,-0.197,,0.03,0.2404,,,-0.0,,,,,,,,-0.0,,,,,,-0.326,,0.0277,,0.0021,,,,,,,,,,,-0.0,,,,,-0.0,,,,,,,-0.0003,,-0.2737,,,,,,,,,,,,,,-0.1397,,-0.0123,,,,,,,,,,,,,,,,,-0.4235,,,,,,,,,,,,,,,,,,,,,-0.0018,-0.0914,0.0624,,-0.0,-0.2021,-0.0203,,,-0.0218,,,,,,,,,,
pair_0276_nb,False Positive,,,,,,,,,,,,,,,,,,,,,,,,,,,,,,,,,,,,,,,,,,,,,,,,,-0.0132,,,,,,-0.0,,,-0.0766,0.1084,,0.0112,0.0004,,,,,,,,,,,,,,,,,,,,,,,,,,,,,,,,,,,,,,,,,,,,-0.0023,-0.0005,-0.0288,,,,,,,,,,,,,,0.3288,-0.0012,-0.4653,,,,,,,,,,,,,,,-0.0017,,0.1982,-0.0,,,,,,,,,,,,,,,,,,,,,0.1106,0.828,0.0,,0.1606,-0.1841,,,-0.1575,,,,,,,,,,
pair_0288_nb,False Positive,,,,,,,,,,,,,,,,,,,,,,,,,,,,,,,,,,,,,,,,,,,,,,,,,-0.0012,-0.0,-0.0061,-0.1816,,,-0.059,,,-0.0433,0.5648,,-0.0128,0.0472,,,-0.0,,,,,,,,,,,,,,,,-0.0154,,,,,,,,,,,,,0.0959,,-0.0001,,,,,,,,,,-0.0006,-0.0001,0.0435,0.0206,0.0002,,,,,,,,,,-0.0,,0.4719,-0.0011,-0.0283,,,,,,,,,,,,,,,-0.0,,0.0043,-0.0168,-0.0028,,,,,,,,,,,,,,,,,,,,0.0183,0.0178,,,0.0606,-0.0274,,-0.0,-0.0,,,,,,,,,,
pair_0351_nb,False Positive,,,,,,,,,,,,,,,,,,,,,,,,,,,,,,,,,,,,,,,,,,,,,,,,,-0.0001,,,-0.0002,,,-0.0004,,,-0.002,0.5967,0.9422,0.037,0.1702,,,,,,,,,,,,,,,,,,,0.0179,,,,,,,,,,,,,-0.0,,,,,,,,,,,,-0.0001,-0.0,-0.0009,,,,,,,,,,,,0.0001,,0.3242,-0.0,-0.01,,,,,,,,,,,,,,,,,-0.1283,,,,,,,,,,,,,,,,,,,-0.0,,,0.5869,0.3281,,,0.6326,-0.0001,,,-0.0,,,,,,,,,,
pair_0502_nb,False Positive,,,,,,,,,,,,,,,,,,,,,,,,,,,,,,,,,,,,,,,,,,,,,,,,-0.0003,-0.193,-0.0,-0.0081,-0.0021,-0.0,,-0.0056,,,-0.0968,0.0669,0.0018,0.0,0.0617,,,,,,,,,,,,,,,,,-0.0065,,0.0019,,0.0002,,,,,,,,,-0.0,,-0.0009,,,,,,,,,,,,-0.0258,-0.0009,0.1304,,-0.0,,,,,,,,,,0.0232,,0.603,-0.0004,-0.3124,,,,,,,,,,,,,,,-0.0,,0.1034,-0.0001,-0.0,,,,,,,,,,,,,,,,,,,,0.0,0.0278,,,0.3396,-0.0025,,,-0.0481,,,,,,,,,,
pair_0506_nb,False Positive,,,,,,,,,,,,,,,,,,,,,,,,,,,,,,,,,,-0.0,,,,,,,,,,,,-0.0,,-0.0006,-0.2592,-0.0,-0.0181,-0.0006,,,-0.024,,,-0.2239,0.0437,-0.0022,-0.004,0.0003,,,,,,,,,,,-0.0,,,,,,-0.146,,0.001,,,,,,,,,,,,,-0.0008,,,,,,,,,,,,-0.0168,,,,,,,,,,,,,,,,-0.1174,-0.5464,-0.1178,,,,,,,,,,,,,,,-0.0003,,0.1042,-0.5085,,,,,,,,,,,,,,,,,,,,,-0.0096,-0.0846,-0.0006,-0.0422,0.0448,0.0028,,,-0.0039,,,,,,,,,,
pair_0647_nb,False Positive,,,,,,,,,,,,,,,,,,,,,,,,,,,,,,,,,,-0.0001,,,,,,,,,,,,,,,-0.006,-0.0,-0.0245,-0.0122,,-0.0,0.019,,-0.0,-0.2353,-0.0491,,-0.0,-0.0015,,,,,,,,,,,,,,,,,0.0216,,-0.0037,,,,,,,,,,,-0.001,,0.0062,,-0.0,,,,,,,,,,-0.0011,-0.0001,0.2269,,-0.0012,,,,,,,-0.0,,,0.1592,,-0.0693,-0.0114,-0.1055,,,,,,,,,,,,,,,-0.0,,-0.0861,-0.0001,-0.1217,,,,,,,,,,,,,,,,,0.0322,-0.0037,,0.0026,0.0102,,,0.064,,,,,,,,,,,,,,
pair_0777_nb,False Positive,,,,,,,,,,,,,,,,,,,,,,,,,,,,,,,,,,,,,,,,,,,,,,,,,-0.0065,,-0.0066,-0.0012,,,-0.0242,,,0.1675,0.1582,,,0.0118,,,,,,,,,,,,,,,,,-0.1204,,-0.0005,,,,,,,,,,,,,-0.0158,,,,,,,,,,,,,,-0.0073,,,,,,,,,,,,,,0.2657,,-0.0001,,,,,,,,,,,,,,,-0.0,,0.8403,,,,,,,,,,,,,,,,,,,,,,0.0176,0.1222,,,0.8753,-0.0021,,,-0.0007,,,,,,,,,,
pair_0827_nb,False Positive,,,,,,,,,,,,,,,,,,,,,,,,,,,,,,,,,,,,,,,,,,,,,,,,-0.0001,-0.0712,-0.0121,0.0058,-0.165,,,0.335,,,0.3806,0.1984,,-0.0,-0.0,,,,,,,,,,,-0.0,,,,,,0.7598,,-0.0025,,,,,,,,,,,,,-0.0091,,-0.1859,,-0.0,-0.0,,,,,,,-0.4576,-0.1217,0.0958,-0.0,-0.0,,,,,,,,,,0.002,-0.0,0.3419,,,,,,,,,,,,,,,,,,,0.0,,,,,,,,,,,,,,,,,,,,,,-0.0,0.0003,,,0.0493,,,,,,,,,,,,,,
pair_1824_nb,False Positive,,,,,,,,,,,,,,,,,,,,,,,,,,,,,,,,,,,,,,,,,,,,,,,,-0.0082,-0.4312,-0.0007,-0.2793,-0.2277,-0.0092,-0.0007,-0.0114,,,-0.1337,0.2183,,,0.0003,,,,,,,,,,,-0.0,,,,,,-0.1703,,-0.0,,,,,,,,,,,,,-0.08,,-0.0037,,,,,,,,,,-0.1775,-0.0262,-0.3871,,,,,,,,,,,,,,0.1293,-0.0089,-0.3484,,,,,,,,,,,,,,,-0.0119,,-0.1848,,,,,,,,,,,,,,,,,,,,,,0.0007,0.376,,,0.1769,-0.0242,,,-0.0162,,,,,,,,,,
pair_1939_nb,False Positive,,,,,,,,,,,,,,,,,,,,,,,,,,,,,,,,,,-0.0,,,,,,,,,,,,,,-0.0001,-0.1144,-0.0001,-0.006,-0.0033,,-0.0,-0.0086,,-0.0,0.0931,0.0143,-0.0,-0.0018,-0.0,,,,,,,,,,,-0.0,,,,,,-0.0104,,-0.0,,,,,,,,,,,,,-0.0,,-0.0001,,,,,,,,,,-0.1172,-0.0144,-0.002,,,,,,,,,,,,0.0,,0.1005,-0.0076,0.116,,,,,,,,,,,,,,,-0.0045,-0.0,0.7121,-0.0,-0.0,,,,,,,,,,,,,,,,,0.0,,-0.0,0.0709,0.3962,-0.0006,-0.0021,0.2454,0.0362,,,-0.0068,,,,,,,,,,
pair_0822_nb,False Positive,,,,,,,,,,,,,,,,,,,,,,,,,,,,,,,,,,,,,,,,,,,,,,,,,-0.1954,-0.0157,-0.0029,0.4413,,-0.0,0.5896,,-0.0,0.4711,0.2541,,,,,,,,,,,,,,-0.0,,,,,,0.9573,,0.0,,,,,,,,,,,,,0.3736,,-0.0013,,,-0.0,,,,,,,-0.1674,-0.0002,0.0591,,0.0268,,,,,,,,,,,,0.6442,,,,,,,,,,,,,,,,,,,0.0,,,,,,,,,,,,,,,,,,,,,,0.0,0.0025,,,0.0003,,,,,,,,,,,,,,
pair_0865_nb,False Positive,,,,,,,,,,,,,,,,,,,,,,,,,,,,,,,,,,,,,,,,,,,,,,,,,-0.0053,,,-0.0,,,-0.0019,,,-0.4409,0.2089,0.1026,0.0001,0.0,,,,,,,,,,,,,,,,,-0.0,,-0.0039,,,,,,,,,,,,,-0.0,,,,,,,,,,,,-0.0001,-0.0,-0.2067,,,,,,,,,,,,0.4161,,0.1509,-0.0,-0.2885,,,,,,,,,,,,,,,-0.0,,0.2581,,,,,,,,,,,,,,,,,,,,,,0.4304,0.2519,,,0.1232,-0.139,,,-0.0313,,,,,,,,,,
pair_0867_nb,False Positive,,,,,,,,,,,,,,,,,,,,,,,,,,,,,,,,,,,,,,,,,,,,,,,,,,,,,,,-0.0,,-0.0,0.6316,0.2723,0.5374,-0.0,-0.0117,,,,,,,,,,,,,,,,,-0.0,,0.0041,,,,,,,,,,,,,-0.0,,,,,,,,,,,,,,-0.0027,,,,,,,,,,,,0.0001,,0.3718,,-0.0001,,,,,,,,,,,,,,,,,-0.1296,,,,,,,,,,,,,,,,,,,,,,0.5705,0.477,,-0.0,0.484,-0.0075,,,,,,,,,,,,,
pair_1860_nb,False Positive,,,,,,,,,,,,,,,,,,,,,,,,,,,,,,,,,,,,,,,,,,,,,,,,-0.0,-0.1823,-0.0002,0.0,-0.0039,,,-0.1203,,,0.1303,-0.0834,-0.0039,-0.0,-0.0,,,,,,,,,,,,,,,,,-0.3098,,-0.0,,,,,,,,,,,,,-0.0,,-0.0049,,,,,,,,,,-0.4776,-0.1194,-0.1013,,,,,,,,,,,,,,0.0891,-0.075,-0.0472,,,,,,,,,,,,,,,-0.0001,,0.3734,-0.0061,,,,,,,,,,,,,,,,,,,,,0.0519,0.4431,,-0.0,0.2871,-0.0122,,,-0.0039,,,,,,,,,,
pair_1965_nb,False Positive,,,,,,,,,,,,,,,,,,,,,,,,,,,,,,,,,,,,,,,,,,,,,,,,-0.0056,-0.1292,-0.0001,-0.0566,-0.1127,,,-0.0209,,,-0.1126,0.1099,-0.1416,-0.0053,0.1505,,,,,,,,,,,,,,,,,,,0.0964,,0.0078,,,,,,,,,,,,,,,,,,,,,,,-0.0112,-0.0,-0.2541,,0.0088,,-0.0,-0.0,,0.0,,-0.0,,,0.0173,,0.0375,-0.0,-0.0706,,,,,,,,,,,,,,,,,-0.137,-0.0,-0.0,,,,,,,,,,,,,,,,,-0.0,,-0.0001,-0.0094,-0.0344,,,-0.2178,-0.0019,,,-0.0018,,,,,,,,,,
pair_0341_nb,False Positive,,,,,,,,,,,,,,,,,,,,,,,,,,,,,,,,,,,,,,,,,,,,,,,,,-0.0,,,,,,-0.0,,,-0.0148,0.155,-0.0116,-0.0006,-0.0,,,,,,,,,,,,,,,,,,,,,,,,,,,,,,,,-0.0,,,,,,,,,,,,-0.0,-0.0,-0.0,,,,,,,,,,,,0.001,0.0,-0.1048,-0.0001,-0.1149,,,,,,,,,,,,,,,,,0.4219,-0.0024,0.4402,,,,,,,,,,,,,,,,,0.3396,,,0.1106,0.4238,,,0.3524,-0.0019,,,-0.0,,,,,,,,,,
pair_0450_nb,False Positive,,,,,,,,,,,,,,,,,,,,,,,,,,,,,,,,,,,,,,,,,,,,,,,,-0.0606,-0.3632,-0.0013,-0.5378,-0.4156,-0.0079,-0.043,-0.0055,,-0.0134,-0.0979,-0.0244,,0.0007,0.0236,,,-0.0,,,,,,,,-0.0616,,,,-0.0,,-0.0321,,0.1582,,,,,,,,,,,,,-0.0147,-0.0001,-0.0354,,,,,,,,,,-0.0014,-0.0,-0.1379,,,,,,,,,,,,-0.0026,,-0.0015,,-0.0079,,,,,,,,,,,,,,,,,-0.2147,,,,,,,,,,,,,,,,,,,,,,-0.0371,-0.0188,,-0.0,-0.0347,-0.0011,,-0.0002,-0.0491,,,,,,,,,,
pair_0549_nb,False Positive,,,,,,,,,,,,,,,,,,,,,,,,,,,,,,,,,,,,,,,,,,,,,,,,,-0.0006,,-0.0,,,,-0.0005,,,-0.0249,0.2202,-0.0869,0.0501,0.1388,,,,,,,,,,,,,,,,,,,-0.0002,,,,,,,,,,,,,-0.0,,,,,,,,,,,,-0.0004,-0.0,-0.1457,,,,,,,,,,,,0.0697,,0.3401,-0.0001,-0.0099,,,,,,,,,,,,,,,,,0.6643,,,,,,,,,,,,,,,,,,,-0.0,,,0.1769,0.2647,-0.0,-0.0,-0.1051,-0.0,,,,,,,,,,,,,
pair_0567_nb,False Positive,,,,,,,,,,,,,,,,,,,,,,,,,,,,,,,,,,-0.0,,,,,,,,,,,,,,-0.181,-0.632,-0.0172,-0.5062,-0.3943,-0.0037,-0.0,-0.1835,,,-0.3333,0.1698,-0.0,0.0001,0.0023,,,,,,,,,,,-0.0,,,,,,-0.0022,,-0.0042,,,,,,,,,,,,,-0.0373,,-0.0088,,,,,,,,,,-0.3311,-0.1021,-0.1003,,,,,,,,,,,,,,-0.0094,-0.0125,-0.2719,,,,,,,,,,,,,,,,,-0.4687,,,,,,,,,,,,,,,,,,,,,,0.0,0.0459,-0.0,-0.0,-0.1284,-0.0123,,-0.0,-0.5561,,,,,,,,,,
pair_0584_nb,False Positive,,,,,,,,,,,,,,,,,,,,,,,,,,,,,,,,,,,,,,,,,,,,,,,,,,,,,,,-0.0342,,,-0.0015,-0.2929,-0.0017,-0.0004,0.3586,,,,,,,,,,,,,,,,,-0.0779,,0.5206,,0.0366,,,,0.0,,0.0,,-0.0,0.3196,,0.4719,,,,,,,,,,,,,,,,0.1036,,-0.0002,-0.0003,-0.0,0.0149,,-0.0009,-0.0003,-0.0001,0.4511,,-0.2157,,,,,,,,,,,,,,,,,,,-0.0124,,-0.0,,-0.0,,,,,,,,,,,,,,,0.0082,,,0.0869,0.0007,,,,-0.0,,,,,,,,,,,,,
pair_0602_nb,False Positive,,,,,,,,,,,,,,,,,,,,,,,,,,,,,,,,,,,,,,,,,,,,,,,,-0.0023,-0.1318,-0.0011,-0.1413,-0.1797,-0.0001,-0.0047,0.0049,,-0.0004,-0.0351,0.0725,,0.001,-0.0001,,,,,,,,,,,,,,,,,0.1297,,-0.0036,,,,,,,,,,,,,-0.0249,-0.0,-0.0116,,,,,,,,,,-0.0266,-0.0064,-0.0645,-0.0,-0.0001,,,,,,,,,,0.0387,,0.2591,,-0.0001,,,,,,,,,,,,,,,,,0.0808,,-0.0,,,,,,,,,,,,,,,,,0.0001,,,0.0349,0.104,,,0.017,-0.0034,,,-0.0,,,,,,,,,,
pair_0684_nb,False Positive,,,,,,,,,,,,,,,,,,,,,,,,,,,,,,,,,,-0.0007,,-0.0,,,,,,,,,,,,-0.0033,-0.2878,-0.0,-0.0364,-0.0089,-0.0,,-0.0186,,,-0.1749,0.1163,,-0.0001,0.0003,,,,,,,,,,,,,,,,,-0.0682,,-0.0007,,,,,,,,,,,,,-0.0013,,-0.0,,,,,,,,,,-0.0304,-0.0033,-0.0051,,,,,,,,,,,,-0.0,,-0.2677,-0.0206,-0.388,,,,,,,,,,,,,,,-0.0001,,-0.1208,-0.0033,-0.0,,,,,,,,,,,,,,,,,,,,0.0023,0.1723,-0.0003,-0.0004,0.1307,-0.0567,,,-0.1748,,,,,,,,,,
pair_0736_nb,False Positive,,,,,,,,,,,,,,,,,,,,,,,,,,,,,,,,,,,,,,,,,,,,,,,,-0.0,-0.1595,-0.0,-0.0015,-0.0,,,-0.0162,,,-0.0282,0.1663,-0.0001,,,,,,,,,,,,,,,,,,,-0.0987,,-0.0001,,,,,,,,,,,,,,,,,,,,,,,,,-0.1707,-0.003,-0.0001,,,,,,,,,,,,-0.0,,0.1002,-0.0006,0.0036,,,,,,,,,,,,,,,-0.0168,,0.4335,-0.0002,-0.0004,,,,,,,,,,,,,,,,,,,,0.0302,0.2692,,,0.0873,-0.0627,,,-0.0947,,,,,,,,,,
pair_0748_nb,False Positive,,,,,,,,,,,,,,,,,,,,,,,,,,,,,,,,,,,,,,,,,,,,,,,,-0.0021,-0.6792,-0.0481,-0.2671,-0.0513,,,-0.1696,,,-0.5575,-0.0307,,,,,,,,,,,,,,-0.0,,,,,,0.787,,,,,,,,,,,,,,,-0.0,0.0,-0.0116,-0.0,-0.0279,-0.0132,,,,,,,0.1472,-0.0053,0.1543,-0.0,0.0,,,,,,,,,,,-0.0,0.6392,0.0032,-0.0081,,,,,,,,,,,,,,,,,0.1913,-0.0,,,,,,,,,,,,,,,,,,,,,,-0.0,,,-0.0034,,,,,,,,,,,,,,
pair_0765_nb,False Positive,,,,,,,,,,,,,,,,,,,,,,,,,,,,,,,,,,,,,,,,,,,,,,,,-0.0392,-0.4701,-0.0106,-0.2308,-0.2276,,-0.0,-0.1681,,,-0.2425,0.011,,0.0,0.0,,,,,,,,,,,-0.0025,,,,,,0.0643,,0.0013,,,,,,,,,,,,,-0.0,,-0.0094,,,-0.0001,,,,,,,-0.1156,-0.0053,0.1087,,,,,,,,,,,,0.0,,0.5422,-0.0004,-0.1088,,,,,,,,,,,,,,,-0.0016,,-0.0597,-0.0,,,,,,,,,,,,,,,,,,,,,0.009,0.0961,,,-0.12,-0.1277,,,-0.1008,,,,,,,,,,
pair_0776_nb,False Positive,,,,,,,,,,,,,,,,,,,,,,,,,,,,,,,,,,,,,,,,,,,,,,,,-0.0,-0.0653,,-0.0018,-0.0001,,,-0.0672,,,0.1389,0.1516,,0.0002,-0.0004,,,,,,,,,,,,,,,,,-0.0001,,,,,,,,,,,,,,,,,,,,,,,,,,,-0.198,-0.0293,-0.0006,,,,,,,,,,,,0.0002,,0.1554,-0.0087,0.0645,,,,,,,,,,,,,,,-0.0011,,0.722,-0.0,-0.0,,,,,,,,,,,,,,,,,0.0012,,,0.1803,0.4337,,,0.161,0.0321,,,-0.0002,,,,,,,,,,
pair_0782_nb,False Positive,,,,,,,,,,,,,,,,,,,,,,,,,,,,,,,,,,,,,,,,,,,,,,,,-0.0035,-0.4937,-0.0094,-0.2302,-0.2699,,-0.0,-0.0738,,,0.0083,0.1057,,,,,,,,,,,,,,,,,,,,-0.5443,,,,,,,,,,,,,,,-0.0001,,-0.0142,,,,,,,,,,-0.3749,-0.1202,-0.3013,,,,,,,,,,,,,,-0.0918,-0.0007,0.2241,,,,,,,,,,,,,,,-0.0003,,0.3797,,,,,,,,,,,,,,,,,,,,,,0.0032,0.4975,,,0.4708,-0.0462,,,-0.0356,,,,,,,,,,
pair_0811_nb,False Positive,,,,,,,,,,,,,,,,,,,,,,,,,,,,,,,,,,,,,,,,,,,,,,,,-0.0073,-0.033,-0.0022,-0.015,-0.0769,-0.0,-0.0003,-0.0534,0.3702,-0.0002,-0.5041,0.4022,,,0.0001,,,-0.0,,,,,,,,,,,,,,-0.0,,0.002,,,,,,,,,,,,,-0.0162,,-0.0015,,,,,,,,,,-0.0141,-0.0076,-0.0131,,,,,,,,,,,,,,-0.2482,-0.0041,-0.1775,,,,,,,,,,,,,,,,,-0.0502,-0.0,,,,,,,,,,,,,,,,,,,,,0.5193,0.4998,,,0.0574,-0.0192,,,-0.1023,,,,,,,,,,
pair_0868_nb,False Positive,,,,,,,,,,,,,,,,,,,,,,,,,,,,,,,,,,-0.037,,,,,,,,,,,,,,-0.0832,-0.5368,-0.0066,-0.5051,-0.2525,,,-0.0022,,,-0.1095,0.0095,-0.0006,,,,,,,,,,,,,,,,,,,,,-0.0066,,,,,,,,,,,,,-0.0014,,-0.0,,,,,,,,,,-0.3377,-0.0412,-0.0253,,,,,,,,,,,,,,0.4898,-0.0166,-0.326,,,,,,,,,,,,,,,,,-0.114,,,,,,,,,,,,,,,,,,,,,,,-0.0863,-0.0,,0.2576,-0.0667,,,-0.3928,,,,,,,,,,
pair_0876_nb,False Positive,,,,,,,,,,,,,,,,,,,,,,,,,,,,,,,,,,,,,,,,,,,,,,,,-0.0,-0.1003,-0.0,-0.0013,-0.0031,,,-0.0356,,,-0.3516,0.2896,,0.025,-0.0025,,,,,,,,,,,,,,,,,-0.002,,-0.0001,,,,,,,,,,,,,-0.0,,-0.0,,,,,,,,,,-0.0524,-0.0092,-0.0035,,,,,,,,,,,,-0.0,,-0.0746,-0.02,-0.5152,,,,,,,,,,,,,,,-0.0015,,-0.3179,-0.0002,,,,,,,,,,,,,,,,,,0.0,,,0.1372,0.4101,,-0.0,0.1758,-0.1009,,,-0.0456,,,,,,,,,,
pair_0878_nb,False Positive,,,,,,,,,,,,,,,,,,,,,,,,,,,,,,,,,,,,,,,,,,,,,,,,-0.0477,-0.1722,-0.0205,-0.0654,0.0405,-0.0,-0.0,0.202,,,0.4507,0.0004,,,,,,,,,,,,,,-0.0225,,,,,,0.6392,,-0.0021,,,,,,,,,,,,,-0.0027,,-0.0959,,,-0.0001,,,,,,,-0.3022,-0.0,0.1775,,,,,,,,,,,,,,0.3421,,-0.0597,,,,,,,,,,,,,,,-0.0023,,0.1349,,,,,,,,,,,,,,,,,,,,,,,0.004,,,0.0095,-0.0395,,,-0.0268,,,,,,,,,,
pair_0883_nb,False Positive,,,,,,,,,,,,,,,,,,,,,,,,,,,,,,,,,,,,,,,,,,,,,,,,-0.0001,-0.1858,-0.0001,-0.0721,-0.1692,-0.0001,-0.0,-0.1525,,,0.0826,0.4533,-0.0002,-0.0,0.0008,,,-0.0,,,,,,,,,,,,,,-0.0809,,0.0086,,,,,,-0.0001,,,,,,,0.0047,,-0.0026,,,,,,,,,,-0.1245,-0.0187,-0.0449,,,,,,,,,,,,0.0,,0.0405,-0.0047,-0.2917,,,,,,,,,,,,,,,,,-0.0847,-0.0,,,,,,,,,,,,,,,,,,,,-0.0,0.082,0.2503,,-0.0,0.0071,-0.0182,,,-0.0361,,,,,,,,,,
pair_0891_nb,False Positive,,,,,,,,,,,,,,,,,,,,,,,,,,,,,,,,,,,,,,,,,,,,,,,,,-0.1399,-0.0,-0.0094,-0.0592,-0.0,,-0.0063,,,-0.0009,-0.1302,-0.0101,0.0001,0.0005,,,,,,,,,,,,,,,,,-0.0001,,0.0092,,,,,,,,,,,-0.0,,0.0129,,-0.0,,,,,,,,,,0.1444,0.0701,0.1554,-0.0,-0.0,,,,,,,,,,0.0031,,0.2531,0.257,-0.0713,,,,,,,,,,,,,,,,,-0.2374,0.0,,,,,,,,,,,,,,,,,,,,,0.0006,0.0033,,,-0.0817,-0.0047,,-0.0,-0.0374,,,,,,,,,,
pair_0908_nb,False Positive,,,,,,,,,,,,,,,,,,,,,,,,,,,,,,,,,,,,,,,,,,,,,,,,-0.0,-0.3491,-0.0,-0.0032,-0.0031,,,-0.0161,,,-0.0043,-0.0158,,,,,,,,,,,,,,,,,,,,-0.0381,,,,,,,,,,,,,,,-0.0,,,,,,,,,,,,-0.026,-0.0008,-0.0003,,,,,,,,,,,,0.0155,,0.0995,-0.0001,-0.0245,-0.0,-0.0,,,,,,,,,,,,,-0.1961,,0.7274,-0.0,0.0,,,,,,,,,,,,,,,,,0.0,,,0.0,0.1789,,,0.0025,0.064,,,-0.067,,,,,,,,,,
pair_0932_nb,False Positive,,,,,,,,,,,,,,,,,,,,,,,,,,,,,,,,,,,,,,,,,,,,,,,,-0.0001,-0.1556,-0.0,-0.0109,-0.0032,,,-0.0598,,,-0.2173,0.3255,0.0002,0.0,-0.008,,,,,,,,,,,,,,,,,-0.1254,,-0.002,,-0.0,,,,,,,,,-0.0,,-0.0005,,,,,,,,,,,,-0.0117,-0.0013,-0.0049,,-0.0,,,,,,,,,,0.0013,,0.154,-0.0044,-0.0564,,,,,,,,,,,,,,,,,0.2686,-0.0008,0.0,,,,,,,,,,,,,,,,,0.0004,,,0.106,0.8662,,,0.5323,-0.0,,,-0.0006,,,,,,,,,,
pair_0940_nb,False Positive,,,,,,,,,,,,,,,,,,,,,,,,,,,,,,,,,,,,,,,,,,,,,,,,,-0.0072,-0.0,-0.0,-0.0007,,,-0.0127,,,0.0032,0.1146,-0.0041,-0.0,0.0649,,,,,,,,,,,,,,,,,-0.0078,,0.2244,,0.0097,,,,0.0,,,,,0.1456,-0.0001,0.0736,,,,,,,,,,,,-0.0814,-0.0342,-0.0353,-0.0,0.1305,,,,,0.0032,,-0.0,-0.0,-0.0,-0.0099,,0.0862,0.0258,-0.004,,,,,,,,,,,,,,,,,-0.035,-0.0321,-0.0051,,,,,,,,,,,,,,,,,0.0,,,-0.0053,0.0167,,,,-0.0,,,,,,,,,,,,,
pair_0974_nb,False Positive,,,,,,,,,,,,,,,,,,,,,,,,,,,,,,,,,,,,,,,,,,,,,,,,-0.0023,-0.7357,-0.193,-0.4475,-0.0474,,-0.0,-0.07,,,-0.5921,0.0873,,0.0,0.0,,,-0.0,,,,,,,,-0.0001,,,,,,-0.0237,,-0.0132,,,,,,,,,,,,,-0.1146,,-0.2578,,-0.0,-0.0,,,,,,,-0.6121,-0.0466,0.3877,,,,,,,,,,,,0.0002,,0.2171,,-0.0,,,,,,,,,,,,,,,,,-0.0074,,,,,,,,,,,,,,,,,,,,,,,0.0064,,,-0.0013,,,,,,,,,,,,,,
pair_0977_nb,False Positive,,,,,,,,,,,,,,,,,,,,,,,,,,,,,,,,,,,,,,,,,,,,,,,,,-0.0111,-0.0011,-0.0011,0.1599,-0.0,,0.5986,,,0.271,0.2201,,,0.0099,,,-0.0,,,,,,,,-0.0,,,,,,-0.0421,,0.2062,,0.0,,,,,,,,,0.0,,0.2289,,-0.0121,,,,,,,,,,-0.0214,-0.0029,-0.0088,0.0001,0.0009,,,,,,,,,,0.0001,0.0001,0.2571,,-0.0,,,,,,,,,,,,,,,,,-0.0001,,,,,,,,,,,,,,,,,,,,,,0.0029,0.6064,,,,,,,,,,,,,,,,,
pair_1011_nb,False Positive,,,,,,,,,,,,,,,,,,,,,,,,,,,,,,,,,,0.6576,,,,,,,,,,,,,,,,,,,,,,,,-0.0001,0.255,-0.0,-0.0,,,,,,,,,,,,,,,,,,-0.0,,,,,,,,,,,,,,,-0.0225,,,,,,,,,,,,,,,,-0.0,,,,,,,-0.0126,,,0.1052,,-0.2928,,,,,,,,,,,,,,,,,,,0.2476,,0.9461,,-0.002,,,,,,,,,,,,,,,0.745,,,0.0,0.3805,,,0.0968,-0.0002,,,,,,,,,,,,,
pair_1023_nb,False Positive,,,,,,,,,,,,,,,,,,,,,,,,,,,,,,,,,,-0.0,,,,,,,,,,,,,,-0.0463,-0.5963,-0.0104,-0.7674,-0.5261,-0.0,-0.0,-0.0976,,,-0.4175,0.1214,-0.0,-0.0,-0.0,,,,,,,,,,,-0.0,,,,,,0.1583,,-0.0001,,,,,,,,,,,,,-0.0012,,-0.0024,,,,,,,,,,-0.0786,-0.0144,-0.0325,,,,,,,,,,,,-0.0,,0.1973,-0.0002,-0.1631,,,,,,,,,,,,,,,,,-0.2806,,,,,,,,,,,,,,,,,,,,,,-0.0,0.2756,-0.0,-0.0,-0.1253,-0.0663,,,-0.1966,,,,,,,,,,
pair_1102_nb,False Positive,,,,,,,,,,,,,,,,,,,,,,,,,,,,,,,,,,-0.0,,,,,,,,,,,,,,-0.0048,-0.0336,-0.0,-0.0624,-0.0966,-0.0008,-0.0002,-0.0184,,,-0.1763,0.0108,-0.0,0.0009,0.0,,,0.0,,,,,,,,-0.0,,,,,,0.0027,,-0.0007,,,,,,,,,,,,,0.0017,,-0.0,,,,,,,,,,-0.0068,-0.0009,-0.0055,,,,,,,,,,,,0.1152,,0.1335,-0.0001,-0.0481,,,,,,,,,,,,,,,-0.0,,-0.1518,,,,,,,,,,,,,,,,,,,0.0005,,,-0.0216,0.1409,-0.0015,-0.298,-0.0247,-0.0196,,-0.0,-0.0136,,,,,,,,,,
pair_1313_nb,False Positive,,,,,,,,,,,,,,,,,,,,,,,,,,,,,,,,,,,,,,,,,,,,,,,,-0.0001,-0.1445,-0.0,-0.0026,-0.0025,,,-0.0006,,,-0.1134,0.1258,-0.0,0.0012,,,,,,,,,,,,-0.0,,,,,,-0.0068,,,,,,,,,,,,,,,,,-0.0,,,,,,,,,,-0.2437,-0.0795,-0.0033,,,,,,,,,,,,,,0.1052,-0.0708,0.3013,,,,,,,,,,,,,,,-0.0001,,0.3788,0.0045,0.0,,,,,,,,,,,,,,,,,0.0,,,0.0311,0.5032,-0.0021,-0.0015,0.346,-0.141,,,-0.0035,,,,,,,,,,
pair_1397_nb,False Positive,,,,,,,,,,,,,,,,,,,,,,,,,,,,,,,,,,,,,,,,,,,,,,,,,-0.0276,,,-0.0,,,-0.0,,,-0.3464,0.3163,0.2161,-0.0,,,,,,,,,,,,-0.0,,,,,,-0.0,,-0.0,,,,,,,,,,,,,,,,,,,,,,,,,-0.0075,-0.0001,-0.0,,,,,,,,,,,,,,0.0618,-0.0015,-0.3268,,,,,,,,,,,,,,,-0.0439,,0.1847,-0.0002,,,,,,,,,,,,,,,,,,,,,0.1282,0.7822,,-0.0,0.353,-0.2332,,,-0.12,,,,,,,,,,
pair_1654_nb,False Positive,,,,,,,,,,,,,,,,,,,,,,,,,,,,,,,,,,,,,,,,,,,,,,,,-0.0,-0.0096,-0.0001,-0.0011,0.1467,,,0.114,,,0.162,0.2364,0.0674,0.0024,0.0091,,,,,,,,,,,,,,,,,0.2886,,-0.0,,,,,,,,,,,,,0.3784,,-0.0,,,,,,,,,,-0.0005,,0.0129,-0.0,-0.0008,,,,,,,,,,-0.0,-0.0,0.4457,,-0.0004,,,,,,,,,,,,,,,,,-0.0416,,,,,,,,,,,,,,,,,,,,,,0.0173,0.1898,,-0.0,-0.0268,-0.0141,,,-0.0064,,,,,,,,,,
pair_1656_nb,False Positive,,,,,,,,,,,,,,,,,,,,,,,,,,,,,,,,,,,,,,,,,,,,,,,,-0.0002,-0.4957,-0.0,-0.0606,-0.0197,,-0.0,-0.2204,,-0.0,-0.0269,0.0472,,0.0,0.0001,,,,,,,,,,,-0.0001,,,,,,-0.5414,,0.0,,,,,,,,,,,,,-0.1848,,-0.0001,,,,,,,,,,-0.3501,-0.0383,-0.062,,,,,,,,,,,,,,-0.0062,-0.0132,-0.3023,,,,,,,,,,,,,,,-0.0068,,-0.118,-0.0008,,,,,,,,,,,,,,,,,,,,,0.0977,0.5994,0.0,,0.4027,-0.0576,,,-0.0718,,,,,,,,,,
pair_1658_nb,False Positive,,,,,,,,,,,,,,,,,,,,,,,,,,,,,,,,,,,,,,,,,,,,,,,,-0.0003,-0.1482,-0.0,-0.0153,-0.0667,,,-0.0795,,,-0.0178,0.0244,,0.0052,0.0006,,,,,,,,,,,,,,,,,-0.0499,,-0.0,,,,,,,,,,,,,-0.001,,-0.0,,,,,,,,,,-0.2046,-0.0919,-0.014,,,,,,,,,,,,0.0,,0.1038,-0.0483,-0.0163,,,,,,,,,,,,,,,-0.0,,0.1491,0.0,,,,,,,,,,,,,,,,,,0.0,,,0.0841,0.4909,,,0.264,-0.0513,,,-0.0262,,,,,,,,,,
pair_1671_nb,False Positive,,,,,,,,,,,,,,,,,,,,,,,,,,,,,,,,,,,,,,,,,,,,,,,,-0.0,-0.0636,,-0.0007,-0.0,-0.0,-0.0,-0.0302,,,-0.1292,0.0476,-0.0403,0.0005,-0.0002,,,,,,,,,,,,,,,,,-0.1535,,-0.0002,,,,,,-0.0,,,,,,,-0.0001,,,,,,,,,,,,-0.0007,-0.0,-0.1094,,,,,,,,,,,,,,0.1744,-0.0002,-0.2501,,,,,,,,,,,,,,,-0.0025,,0.0288,-0.0,,,,,,,,,,,,,,,,,,,,,0.0035,0.3159,,-0.0,0.3953,0.1494,,-0.0005,-0.0093,,,,,,,,,,
pair_1679_nb,False Positive,,,,,,,,,,,,,,,,,,,,,,,,,,,,,,,,,,,,,,,,,,,,,,,,-0.0,-0.1131,-0.0,-0.0001,-0.0002,,,-0.001,,,0.0211,0.056,-0.0227,-0.0235,-0.0,,,,,,,,,,,,,,,,,,,-0.0,,,,,,-0.0001,,,,,,,,,-0.0,,,,,,,,,,-0.0066,-0.0006,-0.0001,,,,,,,,,,,,,,0.0217,-0.0002,-0.4143,,,,,,,,,,,,,,,-0.0009,,0.3582,,,,,,,,,,,,,,,,,,,,,-0.0142,0.1099,0.6569,,-0.0073,0.3235,0.4338,,-0.0111,-0.0507,,,,,,,,,,
pair_1709_nb,False Positive,,,,,,,,,,,,,,,,,,,,,,,,,,,,,,,,,,,,,,,,,,,,,,,,-0.0001,-0.19,-0.0481,-0.0459,0.1886,,,0.3123,,,0.2665,0.0906,-0.0,0.0048,0.0,,,-0.0,,,,,,,,,,,,,,0.0131,,0.0001,,,,,,,,,,,,,0.0799,,-0.0682,,-0.0,-0.0,,,,,,,-0.1962,-0.0089,0.1214,,0.0,,,,,,,,,,,,0.3804,-0.0,-0.01,,,,,,,,,,,,,,,-0.0,,-0.0105,,,,,,,,,,,,,,,,,,,0.0,,,0.0118,0.1568,,-0.0,0.0105,-0.0016,,,-0.0,,,,,,,,,,
pair_1710_nb,False Positive,,,,,,,,,,,,,,,,,,,,,,,,,,,,,,,,,,,,,,,,,,,,,,,,-0.0066,-0.5409,-0.0001,-0.2031,-0.0381,-0.0003,-0.0023,-0.1862,,-0.0,-0.1951,0.0278,-0.0076,-0.0004,,,,,,,,,,,,-0.0,,,,,,-0.6078,,-0.0,,,,,,-0.0,,,,,,,,,-0.0,,,,,,,,,,-0.2242,-0.0439,-0.3609,,,,,,,,,,,,,,0.2743,-0.0001,-0.3352,,,,,,,,,,,,,,,-0.0128,,0.0731,,,,,,,,,,,,,,,,,,,,,,0.1205,0.5541,-0.0,-0.0001,0.2853,-0.2331,,,-0.1565,,,,,,,,,,
pair_1737_nb,False Positive,,,,,,,,,,,,,,,,,,,,,,,,,,,,,,,,,,,,,,,,,,,,,,,,-0.0001,-0.0104,,-0.0008,-0.0,,-0.0,-0.2331,,-0.0,-0.0007,0.0789,,0.0,-0.0345,,,,,,,,,,,,,,,,,-0.2653,,-0.2824,,-0.0014,,,,,,,,,-0.0001,,-0.0667,,,,,,,,,,,,-0.0007,,-0.0721,,-0.0012,,,,,-0.0,,,,,0.0594,,0.0832,-0.0,-0.0266,,,,,,,,,,,,,,,,,0.6864,,-0.0,,,,,,,,,,,,,,,,,,,,0.0001,0.0237,,,0.776,-0.0006,,,-0.0001,,,,,,,,,,
pair_1758_nb,False Positive,,,,,,,,,,,,,,,,,,,,,,,,,,,,,,,,,,-0.0,,,,,,,,,,,,,,-0.0001,-0.0678,-0.0,-0.0618,-0.1172,,,-0.1069,,,-0.1468,0.1127,-0.0057,-0.0031,-0.0,,,,,,,,,,,,,,,,,-0.0637,,-0.0105,,,,,,,,,,,,,-0.7266,,,,,,,,,,,,-0.001,,,,-0.0,,,,,,,,,,-0.0006,,-0.0319,,-0.1939,,,,,,,,,,,,,,,-0.0,,0.2406,,-0.0008,,,,,,,,,,,,,,,,,,,,0.0303,0.2635,,-0.0004,0.4752,-0.0075,,,-0.0037,,,,,,,,,,
pair_1784_nb,False Positive,,,,,,,,,,,,,,,,,,,,,,,,,,,,,,,,,,,,,,,,,,,,,,-0.0,,,-0.0284,,-0.0022,-0.0054,,,-0.0465,,,-0.0858,0.0171,-0.0,-0.0555,-0.0044,,,-0.0,,,,,,,,-0.0,,,,,,-0.0081,-0.0,-0.0003,,,,,,-0.0,-0.0,,,,,,-0.0018,,-0.0001,,,,,,,,,-0.0345,-0.0001,-0.0,0.0911,,0.0,,,,,,,,,,0.2649,,0.0507,-0.0003,-0.2028,,,,,,,,,,,,,,,,,0.0068,-0.0,-0.0001,,,,,,,,,,,,,,,,-0.0,0.1502,-0.0,0.0003,-0.0245,0.1042,-0.0079,-0.0723,-0.1667,-0.0005,,,-0.0008,,,,,,,,,,
pair_1785_nb,False Positive,,,,,,,,,,,,,,,,,,,,,,,,,,,,,,,,,,,,,,,,,,,,,,-0.0,,-0.0012,-0.3771,-0.0021,-0.0765,-0.2252,,,0.0539,,,-0.0184,0.133,-0.0,0.0009,0.1667,,,-0.0642,,-0.0082,,,,,,-0.0099,,,,,,-0.0,-0.0,-0.0023,,0.0002,,,,,,,,,0.0,,-0.0208,-0.0,-0.0099,,,,,,,,,,-0.063,-0.0296,-0.0902,,0.0001,,,,,,,,,,0.0006,,0.0044,-0.0028,-0.0452,,,,,,,,,,,,,,,,,-0.0908,-0.0,-0.0,,,,,,,,,,,,,,,,,-0.0,,,-0.0001,-0.0008,,,0.0328,-0.0,,,-0.0,,,,,,,,,,
pair_1792_nb,False Positive,,,,,,,,,,,,,,,,,,,,,,,,,,,,,,,,,,-0.0001,,,,,,,,,,,,,,-0.002,-0.0672,-0.0001,-0.1137,-0.0392,-0.0561,-0.0053,-0.0477,-0.0,-0.0003,-0.1548,0.1054,-0.0,-0.0263,0.0079,,,,,,,,,,,,,,,,,-0.4686,,0.2736,,,,,,,,,,-0.0,-0.0,,-0.0012,,-0.0,,,,,,,,,,-0.0033,-0.0,-0.3159,,-0.0,,,,,,,,,,0.0001,,0.0668,-0.0,-0.0444,,,,,,,,,,,,,,,,,-0.2912,,,,,,,,,,,,,,,,,,,,,,-0.1091,-0.2848,-0.0005,-0.1764,-0.2134,-0.0574,,-0.0,-0.0608,,,,,,,,,,
pair_1835_nb,False Positive,,,,,,,,,,,,,,,,,,,,,,,,,,,,,,,,,,-0.0002,,,,,,,,,,,,,,,-0.0006,,,,,,-0.0002,,,-0.4172,0.2284,0.3532,0.2086,0.0135,,,,,,,,,,,,,,,,,,,-0.0,,,,,,,,,,,,,,,,,,,,,,,,,-0.0001,-0.0,-0.4208,,,,,,,,,,,,-0.0,,0.643,-0.0,-0.0044,,,,,,,,,,,,,,,,,0.1789,,,,,,,,,,,,,,,,,,,0.0,,,0.0376,0.2546,-0.0,,0.7343,0.4372,,,,,,,,,,,,,
pair_1847_nb,False Positive,,,,,,,,,,,,,,,,,,,,,,,,,,,,,,,,-0.0,,,,,,,,,,,,,,-0.0,,,-0.1027,-0.0089,-0.0073,-0.0139,,,-0.0037,,,-0.2366,-0.1264,-0.0584,-0.0299,0.0203,,,-0.0,,,,,,,,-0.0123,,,,,,-0.0,,0.0013,,,,,,,,,,,,,0.0236,,0.0008,,,,,,,,,,-0.0512,0.0133,0.0465,0.0,0.004,,,,,,,,,,-0.0,-0.0,0.0939,-0.0345,-0.1845,,,,,,,,,,,,,,,-0.0086,-0.0,-0.0939,-0.0574,-0.0069,,,,,,,,,,,,,,,,,,-0.0,-0.0002,-0.0211,0.076,-0.001,-0.0959,-0.1362,-0.0347,,,-0.0048,,,,,,,,,,
pair_1914_nb,False Positive,,,,,,,,,,,,,,,,,,,,,,,,,,,,,,,,,,,,,,,,,,,,,,,,-0.0036,-0.2359,-0.0001,-0.2798,-0.1147,-0.0029,-0.0,-0.0432,,,0.0105,0.0558,-0.003,-0.001,0.0035,,,,,,,,,,,,,,,,,-0.3737,,0.0301,,,,,,,,,,,,,-0.0,,-0.0,,,,,,,,,,-0.0232,-0.0001,-0.2973,,,,,,,,,,,,-0.0,,0.0583,-0.0005,-0.2374,,,,,,,,,,,,,,,-0.0,,-0.0401,-0.0,,,,,,,,,,,,,,,,,,,,,0.0088,0.3393,,,0.2052,-0.0111,,,-0.0283,,,,,,,,,,
pair_1922_nb,False Positive,,,,,,,,,,,,,,,,,,,,,,,,,,,,,,,,,,,,,,,,,,,,,,,,-0.4166,-0.779,-0.0033,-0.2363,-0.3653,-0.068,-0.0818,0.2586,,-0.0001,0.1379,0.5249,,0.0737,0.022,,,,,,,,,,,-0.0001,,,,,,0.398,,-0.0,,,,,,,,,,,,,-0.0979,,-0.0018,,,,,,,,,,-0.2053,-0.0,-0.039,,,,,,,,,,,,,,,,-0.3491,,,,,,,,,,,,,,,,,-0.3501,,,,,,,,,,,,,,,,,,,,,,-0.0,-0.0075,,,-0.0056,-0.0197,,,-0.0023,,,,,,,,,,
pair_1938_nb,False Positive,,,,,,,,,,,,,,,,,,,,,,,,,,,,,,,,,,,,,,,,,,,,,,,,-0.0,-0.1009,-0.0003,-0.0044,-0.011,,-0.0,-0.0279,,-0.0,0.0266,0.0003,-0.0,-0.0,-0.0,,,,,,,,,,,,,,,,,0.0009,,-0.0003,,,,,,,,,,,,,-0.0001,,-0.0026,,,,,,,,,,-0.1704,-0.0237,-0.0017,,,,,,,,,,,,0.0,,0.2267,-0.0239,0.1619,,,,,,,,,,,,,,,0.0001,,0.7133,-0.0001,-0.0001,,,,,,,,,,,,,,,,,,,,0.0784,0.2703,,,0.0604,0.0018,,,0.0004,,,,,,,,,,
pair_1961_nb,False Positive,,,,,,,,,,,,,,,,,,,,,,,,,,,,,,,,,,,,,,,,,,,,,,,,-0.0,-0.1734,,-0.0018,-0.0136,,,-0.1991,,,-0.3451,0.0804,-0.0,0.0275,0.0416,,,,,,,,,,,,,,,,,-0.0106,,-0.0016,,,,,,,,,,,,,-0.0012,,-0.0,,,,,,,,,,-0.0316,-0.0022,-0.0175,,,,,,,,,,,,,,0.0443,-0.0004,-0.2439,,,,,,,,,,,,,,,,,0.1527,-0.0,-0.0,,,,,,,,,,,,,,,,,,,,0.209,0.3612,,-0.0,0.0241,-0.0027,,,-0.0203,,,,,,,,,,
pair_0008_low_pkt,Low Confidence,,,,,,,,,,,,,,,,,,,,,,,,,,,,,,,,,,,,,,,,,,,,,,,,,,,-0.0033,-0.0006,,,0.1452,,,-0.689,0.2869,-0.2105,-0.2009,0.148,,,,,,,,,,,,,,,,,-0.0651,-0.0,-0.1529,,,,,,,,,,,-0.0,-0.0,-0.7285,,,,,,,,,,,,,,,,-0.0006,,,,,,,,,,-0.0,,-0.4924,,,,,,,,,,,,,,,,,,,-0.0168,,,,,,,,,,,,,,,,,,,,,,-0.0032,0.0263,,,-0.0978,,,-0.0,,,,,,,,,,,
pair_0393_low_pkt,Low Confidence,,,,,,,,,,,,,,,,,,,,,,,,,,,,,,,,,,,,,,,,,,,,,,,,,,,,,,,-0.0,,,-0.0002,-0.0308,,0.303,-0.0206,,,,,,,,,,,,,,,,,,,-0.0133,-0.0,0.0213,,,,0.0,0.0,0.1884,-0.0002,-0.001,0.2178,-0.0,-0.0007,,,,,,,,,,,,,,-0.0896,-0.0077,-0.0898,,-0.0009,-0.0008,-0.0004,0.0209,,-0.08,-0.2439,-0.2348,-0.1486,-0.0054,-0.0835,,-0.0,,,,,,,,,,,,,,,,,-0.0728,,,,-0.0,,,,,,,,,,,0.0,,,,-0.0093,,,,0.0582,,,,,,,,,,,,,,,,,
pair_0482_low_pkt,Low Confidence,,,,,,,,,,,,,,,,,,,,,,,,,,,,,,,,,,,,,,,,,,,,,,,,,-0.1289,,-0.0,-0.0001,,,-0.0,,,-0.1194,0.2308,,0.0481,-0.0,,,,,,,,,,,,,,,,,,,-0.0226,,,,,,,,,,,,,-0.209,,,,,,,,,,,-0.0,-0.166,-0.0642,-0.3106,-0.0,-0.0,,,,,,,,,,,,0.0532,-0.0741,-0.3119,,,,,,,,,,,,,,,-0.0,,0.2499,-0.0,,,,,,,,,,,,,,,,,,,,,0.1106,0.3923,,,0.2462,-0.0572,,,-0.037,,,,,,,,,,
pair_1331_low_pkt,Low Confidence,,,,,,,,,,,,,,,,,,,,,,,,,,,,,,,,,,,,,,,,,,,,,,,,,-0.0004,,,,,,,,-0.0,0.2014,0.774,0.4614,,,,,,,,,,,,,,,,,,,,,,,,,,,,,,,,,,,,,,,,,,,,,,,,0.0059,,0.0,,,,,,,,,,0.0013,,0.0134,-0.0002,-0.0324,,,,,,,,,,,,,,,-0.0,,0.2539,,,,,,,,,,,,,,,,,,,0.0112,,,0.128,0.7848,,,0.5843,0.1119,,-0.0,-0.0111,,,,,,,,,,
pair_1931_low_pkt,Low Confidence,,,,,,,,,,,,,,,,,,,,,,,,,,,,,,,,,,,,,,,,,,,,,,,,,,,,-0.0,,,0.0016,,,0.4487,0.4072,-0.0001,,0.0268,,,,,,,,,,,,,,,,,0.6326,,0.8746,,0.0092,,,,,,-0.0,-0.0,-0.0,0.193,,0.8281,,,,,,,,,,,,,,-0.0128,,0.008,,,,-0.0,,,,,,,,0.736,,,,,,,,,,,,,,,,,,,-0.0001,,,,,,,,,,,,,,,,,,,,,,0.0189,0.5043,,,,,,,,,,,,,,,,,
pair_0065_low_pkt,Low Confidence,,,,,,,,,,,,,,,,,,,,,,,,,,,,,,,,,,,,,,,,,,,,,,,,-0.2038,-0.1698,-0.0622,-0.3689,-0.3517,-0.0002,-0.0038,-0.3514,,-0.0001,-0.0831,-0.1448,,,0.0,,,,,,,,,,,-0.0,,,,,,-0.4774,,-0.0,,,,,,,,,,,,,-0.0007,,-0.0007,,,-0.0,,,,,,,-0.0566,-0.0001,-0.1973,,-0.0,,,,,,,,,,-0.0028,,0.2842,,-0.0325,,,,,,,,,,,,,,,-0.0028,,-0.0002,,-0.0,,,,,,,,,,,,,,,,,,,,,0.0054,,,0.0177,0.0519,-0.0,-0.0004,-0.0306,,,-0.0,,,,,,,
pair_0947_low_pkt,Low Confidence,,,,,,,,,,,,,,,,,,,,,,,,,,,,,,,,,,-0.0,,,,,,,,,,,,,,,-0.2557,-0.0004,-0.0041,-0.1303,,,-0.0,,,-0.4547,0.0377,-0.0001,,,,,,,,,,,,,-0.0,,,,,,-0.4,,,,,,,,,,,,,,,0.0507,,-0.0088,,,,,,,,,,0.0925,0.3246,0.515,,,,,,,,,,,,,,0.8623,0.3904,0.1608,,,,,,,,,,,,,,,,,0.3222,0.0,,,,,,,,,,,,,,,,,,,,,0.0002,0.6915,,,-0.0004,-0.0,,,-0.0,,,,,,,,,,
pair_0948_low_pkt,Low Confidence,,,,,,,,,,,,,,,,,,,,,,,,,,,,,,,,,,,,,,,,,,,,,,,,-0.0001,-0.0214,-0.0002,-0.0021,-0.001,,,0.0613,,,-0.0421,0.0105,,0.0006,0.0219,,,,,,,,,,,,,,,,,0.3871,,0.1541,,,,,,,,,,,-0.0001,,0.303,,,,,,,,,,,,-0.0105,,,,0.0129,,,,,,,,,,0.0005,,0.2447,,-0.0006,,,,,,,,,,,,,,,,,-0.0265,,,,,,,,,,,,,,,,,,,-0.0,,,0.0012,0.4934,,,0.021,-0.0001,,,-0.0001,,,,,,,,,,
pair_1413_low_pkt,Low Confidence,,,,,,,,,,,,,,,,,,,,,,,,,,,,,,,,,,-0.0,,,,,,,,,,,,,,,,,,,,,-0.0017,,,-0.0,-0.0776,-0.0,0.1204,0.0667,,,,,,,,,,,,,,,,,0.032,,0.3318,-0.0,0.0656,,,,-0.0,-0.0002,0.0048,-0.0004,0.0017,0.1463,-0.0,0.1053,,,,,,,,,,,,,,-0.0001,-0.0026,-0.0607,,-0.0022,-0.0001,0.0025,-0.0008,-0.0172,-0.0009,-0.0047,-0.0009,-0.5026,-0.0358,-0.2167,,-0.0,,,,,,,,,,,,,,,,,-0.4253,-0.0,-0.001,-0.0,-0.002,-0.0,,-0.0,,,,,,,,,,,,-0.0129,,,-0.0001,-0.138,,,-0.0,,,,,,,,,,,,,,
pair_0715_fail_gate,Fail Geometry,,,,,,,,,,,,,,,,,,,,,,,,,,,,,,,,,,,,,,,,,,,,,,,,,-0.0079,-0.0,-0.0001,-0.0035,,,-0.0026,,,-0.3849,0.1398,-0.0001,0.0583,-0.0003,,,,,,,,,,,,,,,,,-0.2504,,-0.0006,,,,,,-0.0,,,,,,,-0.0185,,-0.0038,,-0.0,,,,,,,,0.0073,0.0375,-0.0956,-0.0001,-0.0,,,,,,,0.0,,,0.1946,-0.0,0.0931,0.0404,-0.0812,,,,,,,,,,,,,,,,,0.1659,-0.0,-0.0,,,,,,,,,,,,,,,,,-0.0017,,,0.2336,0.0951,,,0.1078,-0.0094,,,,,,,,,,,,,
pair_1094_fail_gate,Fail Geometry,,,,,,,,,,,,,,,,,,,,,,,,,,,,,,,,,,-0.0,,,,,,,,,,,,,,-0.0,-0.0006,-0.0,-0.0002,-0.0001,,-0.0,-0.0059,,,-0.0009,-0.2713,,0.0721,0.0849,,,,,,,,,,,,,,,,,0.3728,,0.1686,0.0,,,,,,,,0.0,0.0,0.0356,-0.0,0.529,,,,,,,,,,,,-0.0,,-0.0313,-0.0313,0.1729,,,,,0.0007,,0.0007,,,0.2585,-0.004,0.0117,-0.0,-0.0005,,,,,,,,,,,,,,,,,0.0004,-0.0,0.0,,,,,,,,,,,,,,,,,0.0003,-0.0,-0.0,0.0002,0.0128,,,0.0001,-0.0,,,,,,,,,,,,,
pair_1682_fail_gate,Fail Geometry,,,,,,,,,,,,,,,,,,,,,,,,,,,,,,,,,,,,,,,,,,,,,,,,,-0.0,,,,,,-0.1225,,,-0.2372,-0.3964,-0.2042,-0.1352,0.1522,,,,,,,,,,,,,,,,,0.055,,0.5003,,-0.0,,,,,,,,,0.0001,,0.6155,,,,,,,,,,,,-0.0,,-0.0003,-0.0004,0.1525,,,-0.0,,,,,,,-0.0001,-0.0001,0.0631,-0.0,-0.0,,,,,,,,,,,,,,,,,-0.3952,,,,,,,,,,,,,,,,,,,,,-0.0025,-0.0711,-0.1967,-0.0,-0.0249,-0.1798,-0.0002,,,-0.0001,,,,,,,,,,
pair_1739_fail_gate,Fail Geometry,,,,,,,,,,,,,,,,,,,,,,,,,,,,,,,,,,,,,,,,,,,,,,,,,,,,,,,,,,,,,,-0.0,,,,,,,,,,,,,,,,,,,-0.0025,,-0.0003,,,,-0.0,-0.2893,0.0446,0.0514,-0.0222,-0.0178,-0.0002,0.0127,,,,,,,,,,,,,,,,0.3424,,-0.0004,-0.0043,-0.0151,0.2556,-0.0544,0.1511,-0.0,,0.731,,0.0016,,,,,,,,,,,,,,,,,,,,,,,-0.0,,,,,,,,,,,,,,-0.1953,0.0378,,,-0.0014,-0.0,,,,,,,,,,,,,,,,,
pair_1941_fail_gate,Fail Geometry,,,,,,,,,,,,,,,,,,,,,,,,,,,,,,,,,,,,,,,,,,,,,,,,,,,,,,,,,,,,,-0.0114,-0.0001,,,,,,,,,,,,,,,,,,,,,-0.0,-0.0,-0.2356,,-0.1433,-0.0907,-0.1999,-0.0012,-0.003,-0.0017,,,,,,,,,,,,,,,,,,-0.0,,,-0.0,-0.0014,-0.1519,-0.244,-0.0327,-0.0,-0.0,0.0129,,,,,,,,,,,,,,,,,,,,,,,,,-0.0,,,-0.0,,,-0.0,,,,,-0.0,,-0.0,-0.0249,0.0706,,-0.0001,0.3099,0.017,,,,,,,,,,,,,,,,,
pair_0014_fail_gate,Fail Geometry,,,,,,,,,,,,,,,,,,,,,,,,,,,,,,,,,,,,,,,,,,,,,,,,,,,,,,,-0.0,,,-0.0002,0.6642,-0.0285,0.1164,0.2789,,,,,,,,,,,,,,,,,0.0593,,0.5813,,0.0049,,,,-0.0,,,-0.0,-0.0,0.1277,-0.0001,0.8828,,,,,,,,,,,,,,-0.0,-0.0001,0.4362,,-0.0,-0.0,-0.0,-0.0,,,,,-0.0001,,0.4217,,,,,,,,,,,,,,,,,,,,,,,,,,,,,,,,,,,,,,,,-0.0094,0.009,0.1357,,-0.0012,,,,,,,,,,,,,,,
pair_0263_fail_gate,Fail Geometry,,,,,,,,,,,,,,,,,,,,,,,,,,,,,,,,,,,,,,,,,,,,,,,,,-0.0,,-0.0,,,,-0.0012,,,-0.0405,-0.3564,0.1343,0.0308,-0.0186,,,,,,,,,,,,,,,,,-0.0969,,-0.0405,,-0.0,,,,0.0,,,,,,,-0.0015,,,,,,,,,,,,,,-0.358,,-0.0046,,,,,,,,,,-0.0447,,-0.1159,-0.0001,-0.0693,,,,,,,,,,,,,,,,,-0.0751,-0.0,,,,,,,,,,,,,,,,,0.0013,0.0482,,-0.0,0.3616,0.4601,,-0.0,-0.0167,-0.0041,,,-0.0,,,,,,,,,,
pair_0540_fail_gate,Fail Geometry,,,,,,,,,,,,,,,,,,,,,,,,,,,,,,,,,,,,,,,,,,,,,,,,0.1,0.5851,-0.0629,0.5756,0.4778,,-0.0,0.2784,,,0.9194,0.0102,,0.0001,0.0,,,,,,,,,,,,,,,,,,,-0.0,,,,,,,,,,,,,-0.0,,-0.0001,,,-0.0,,,,,,,-0.0339,-0.0,-0.0,,,,,,,,,,,,,,0.7059,,0.0,,,,,,,,,,,,,,,,,0.0,,,,,,,,,,,,,,,,,,,,,,,0.0001,,,0.2763,,,,0.0013,,,,,,,,,,
pair_0997_fail_gate,Fail Geometry,,,,,,,,,,,,,,,,,,,,,,,,,,,,,,,,,,-0.0,,,,,,,,,,,,,,,-0.0009,,,,,,,,,-0.1072,0.4296,0.0005,-0.0,,,,,,,,,,,,,,,,,,,,,,,,,,,,,,,,,,,,,,,,,,,,,-0.0021,-0.0004,0.0309,,,,,,,,,0.0,,,0.4199,,-0.092,-0.2234,-0.5327,,,,,,,,,,,,,,,,,0.0788,-0.6999,-0.3801,,,,,,,,,,,,,,,,,-0.0,,,0.5216,0.0042,,-0.0002,0.1201,-0.0,,,-0.0,,,,,,,,,,
pair_1745_fail_gate,Fail Geometry,,,,,,,,,,,,,,,,,,,,,,,,,,,,,,,,,,,,,,,,,,,,,,,,-0.0634,-0.2036,-0.0001,-0.2332,-0.1983,,-0.0001,-0.2119,,-0.0,0.0464,0.009,,-0.003,0.0049,,,,,,,,,,,-0.0001,,,,,,-0.0275,,0.0156,,0.0043,,,,,,,,0.0,0.025,,0.0199,,-0.0001,,,,,,,,,,-0.0034,-0.0,-0.1546,-0.0001,0.0032,,,,,0.0,,,,,-0.0001,-0.0,0.1734,,-0.0356,,,,,,,,,,,,,,,-0.0083,,-0.0402,,,,,,,,,,,,,,,,,,,,,,-0.0001,0.0519,,,0.1864,-0.0109,,,-0.0353,,,,,,,,,,
bind_019_binder,Binder,,,,,,,,,,,,,,,,,,,,,,,,,,,,,,,,,,,,,,,,,,,,,,,,-0.0,-0.1518,-0.0125,-0.0508,-0.0248,,-0.0,0.0647,,-0.0,-0.322,-0.0622,,0.0637,-0.0282,,,,,,,,,,,,,,,,,0.1597,,-0.06,,0.0,,,,-0.0002,-0.0048,0.009,,,-0.0404,,-0.035,,-0.0011,,-0.0,,,,,,,,-0.2504,-0.0484,-0.0114,,0.0003,,,-0.0003,-0.003,-0.0068,-0.005,-0.0008,,,0.0001,,-0.0074,-0.024,-0.1519,,,,,,,,,,,,,,,,,-0.1378,-0.0003,-0.0003,,,,,,,,,,,,,-0.0,,-0.0,-0.0045,0.0006,,-0.0046,0.0347,-0.0014,,-0.0001,0.0194,-0.0,,,,,,,,,,,,,
bind_020_binder,Binder,,,,,,,,,,,,,,,,,,,,,,,,,,,,,,,,,,,,,,,,,,,,,,,,,-0.0123,-0.0,-0.0008,-0.0071,,,-0.0311,,,-0.5504,-0.232,,-0.0041,-0.0006,,,,,,,,,,,,,,,,,-0.0015,-0.0001,-0.0045,,-0.0001,,,,-0.0001,-0.0002,,,,-0.0001,,0.1539,,,,,,,,,,,,-0.1351,-0.0791,0.1107,,0.0001,,,,,,0.0,0.0,,,-0.3906,,0.0139,-0.1327,-0.4678,,,,,,,,,,,,,,,,,-0.0074,-0.0,-0.0001,,,,,,,,,,,,,-0.0,,-0.0,0.4711,-0.0401,-0.0,-0.0035,-0.1187,-0.1944,,-0.0,0.0471,-0.0003,,,-0.0,,,,,,,,,,
bind_022_binder,Binder,,,,,,,,,,,,,,,,,,,,,,,,,,,,,,,,,,,,,,,,,,,,,,,,,-0.0056,-0.0,-0.0097,-0.0016,,,-0.0306,,,-0.0656,-0.1077,,-0.0019,0.0264,,,,,,,,,,,,,,,,,0.107,,0.159,,-0.0,0.0021,-0.0009,-0.0026,-0.003,-0.0147,0.0153,-0.0001,-0.0007,0.0,,0.0992,,-0.0005,,,,,,,,,,-0.0924,-0.0689,-0.5462,-0.0715,-0.0615,,-0.0,-0.0005,-0.0038,0.0683,-0.0203,-0.0078,-0.0001,-0.0001,-0.1533,-0.1381,-0.2972,-0.071,-0.0875,,,,,,,,,,,,,,,,,-0.2539,,-0.0001,,-0.0,,-0.0,,,,-0.0,,,,-0.0,-0.0,,,-0.0024,-0.0008,,,,-0.0,,,-0.0117,,,,,,,,,,,,,,
bind_034_binder,Binder,,,,,,,,,,,,,,,,,,,,,,,,,,,,,,,,,,,,,,,,,,,,,,,,-0.0001,-0.4233,,-0.0064,-0.001,,,-0.0029,,,-0.2335,-0.1234,,,,,,,,,,,,,,,,,,,,-0.4698,,-0.0004,,,,,,,-0.0659,0.0081,-0.0,-0.0,0.0,,-0.0026,,-0.0,,,,,,,,,,-0.0987,-0.0,,,-0.0002,,,-0.0,-0.0,-0.0247,-0.1339,-0.1648,-0.0,,0.0005,,0.099,-0.0,0.7869,,,,,,,,,,,,,,,-0.0,,0.7661,,,,,,,,,,,,,,,,,,0.009,0.0004,,,,0.0003,,,-0.0001,-0.0002,,,-0.0003,,,,,,,,,,
bind_041_binder,Binder,,,,,,,,,,,,,,,,,,,,,,,,,,,,,,,,,,,,,,,,,,,,,,,,-0.0004,-0.142,-0.0024,-0.0317,-0.2565,,,-0.1167,-0.0,-0.0,-0.3257,-0.0497,-0.0017,0.012,0.0001,,,-0.0,,,,-0.0,,,,-0.0,,,,,,-0.0154,-0.0016,-0.011,,0.0,,,-0.0,-0.0013,-0.005,0.002,,-0.0,-0.0272,,-0.0127,,-0.0073,,-0.0,-0.0,,,,,,,-0.3662,-0.2776,-0.1509,-0.0,0.0006,,,,-0.0,-0.0025,-0.002,-0.0022,-0.0,-0.0,-0.0003,-0.0001,0.0648,-0.1687,-0.4119,,,,,,,,,,,,,,,,,-0.1545,-0.0006,0.0,,,,,,,,,,,,,-0.0,,-0.0,-0.0143,-0.0121,-0.0,-0.0194,-0.0604,-0.0164,,-0.0051,-0.005,,,,-0.0,,,,,,,,,,
bind_043_binder,Binder,,,,,,,,,,,,,,,,,,,,,,,,,,,,,,,,,,,,,,,,,,,,,,,,-0.0,-0.01,-0.0,-0.019,-0.1387,,-0.0,-0.3581,-0.0034,-0.0,-0.2612,-0.1738,,,-0.1978,,,,,,,,,,,,,,,,,-0.2603,,-0.3873,,0.0,,,,-0.0,0.0804,0.1695,,,-0.1594,,-0.1306,,-0.0,,,,,,,,,,-0.0499,-0.0245,-0.1377,-0.0012,-0.0032,,,,,-0.0458,-0.0474,-0.0425,,,-0.0004,-0.0008,0.2363,-0.0276,-0.1608,,,,,,,,,,,,,,,,,-0.288,,,,,,,,,,,,,,,,,,-0.0,,,,,0.0,,,0.1291,,,,-0.0001,,,,,,,,,,
bind_069_binder,Binder,,,,,,,,,,,,,,,,,,,,,,,,,,,,,,,,,,,,,,,,,,,,,,,,,-0.2991,-0.1117,-0.0909,0.2646,,,0.7372,,,0.2947,0.0002,,0.0001,0.0,,,,,,,,,,,-0.0002,,,,,,0.9324,,,,0.1315,,,,0.0033,0.0083,0.0003,,-0.0,0.0008,,0.002,,-0.1405,,-0.0,-0.0,,,,,,,-0.7379,-0.2755,0.1089,,-0.0,,,,,-0.0002,,-0.0,,,-0.0,,0.4191,,-0.0019,,,,,,,,,,,,,,,,,-0.0,,,,,,,,,,,,,,,,,,-0.0,,,,0.0002,-0.0,,,,,,,,,,,,,,,,,
bind_076_binder,Binder,,,,,,,,,,,,,,,,,,,,,,,,,,,,,,,,,,,,,,,,,,,,,,,,-0.0022,0.0076,0.0165,-0.0005,0.0146,,-0.0,-0.0274,,,-0.0119,0.0323,,0.0,-0.0003,,,,,,,,,,,-0.0001,,,,,,-0.0051,,-0.0001,,-0.0004,,,,0.0033,-0.0002,-0.0008,,-0.0,-0.0024,,-0.0003,,0.0035,,,-0.0001,,,,,,,-0.3307,-0.2042,0.0695,-0.0,-0.1526,-0.0,-0.0117,-0.0022,-0.0,0.0684,,-0.067,-0.1694,-0.1455,-0.0136,-0.0,0.2159,-0.2506,-0.0335,,,,,,,,,,,,,,,,,0.5021,,,,-0.0003,,,,,,,,,,,,,,,,,,,0.0053,,,0.0023,-0.0,,,,,,,,,,,,,
bind_080_binder,Binder,,,,,,,,,,,,,,,,,,,,,,,,,,,,,,,,,,,,,,,,,,,,,,,,-0.01,-0.3103,-0.0488,-0.1635,0.0219,-0.0,,-0.022,,,-0.2585,-0.2696,-0.0032,0.0155,-0.0096,,,,,,,,,,,-0.0,,,,,,0.1358,,-0.0155,,0.0126,,,,0.0,0.0062,0.0212,,-0.0,0.002,,0.0125,-0.0,-0.0306,,,-0.0,,,,,,,-0.1087,-0.0528,0.0,,-0.0044,,,-0.0,,0.0468,-0.0001,-0.0075,-0.0044,-0.0045,-0.0124,,-0.0765,-0.0137,-0.1309,,,,,,,,,,,,,,,,,-0.2131,-0.0001,,,-0.0,,,,,,,,,,,,,,,,,,0.0008,-0.0092,,,-0.0654,-0.017,,-0.0007,-0.0415,,,,,,,,,,
bind_083_binder,Binder,,,,,,,,,,,,,,,,,,,,,,,,,,,,,,,,,,,,,,,,,,,,,,,,,-0.0003,-0.0,-0.0066,0.2779,,,0.4106,,,0.0136,0.0079,,0.0,0.1002,,,0.0001,,,,,,,,,,,,,,0.839,-0.0,0.2078,,,,,,,-0.0068,0.0018,,-0.0,-0.0,,0.2903,-0.0001,-0.0001,,,,,,,,,,-0.0001,-0.0008,-0.0033,-0.0001,-0.0203,-0.0,0.0001,-0.0,-0.0,-0.1652,-0.0502,-0.2182,-0.013,-0.0126,-0.0798,-0.0,0.295,,-0.0,,,,,,,,,,,,,,,,,-0.0001,,,,-0.0002,,,,,,,,,,,,,,-0.0016,-0.0,,,,,,,-0.0,,,,,,,,,,,,,,
bind_088_binder,Binder,,,,,,,,,,,,,,,,,,,,,,,,,,,,,,,,,,-0.0155,,,,,,,,,,,,,,-0.0,-0.0089,-0.0,-0.0026,-0.0015,,,-0.0122,,,-0.3799,0.2425,,0.0213,-0.0001,,,,,,,,,,,,,,,,,-0.0553,,0.0002,,-0.0001,,,,-0.0,,-0.0042,-0.0006,-0.0028,0.0213,-0.0001,-0.0568,,,,,,,,,,,,-0.0103,-0.0012,-0.4654,-0.0001,-0.1612,-0.0301,-0.0359,-0.0435,-0.0001,-0.001,,-0.0007,-0.0618,-0.0484,-0.2091,,-0.6387,-0.042,-0.4564,,,,,,,,,,,,,,,,,-0.4338,-0.0582,-0.1647,,-0.0,,,,,,,,,,,,,,,-0.0199,,,0.0215,-0.0528,,,0.3295,-0.0398,,,-0.0001,,,,,,,,,,
bind_099_binder,Binder,,,,,,,,,,,,,,,,,,,,,,,,,,,,,,,,,,,,,,,,,,,,,,,,-0.0094,-0.2943,-0.0111,-0.1397,-0.0182,,,-0.1142,,,0.1747,-0.0004,,-0.0,0.0,,,,,,,,,,,-0.0005,,,,,,-0.3706,,-0.0,,-0.0,,,,-0.0,-0.1518,0.1074,-0.0,-0.0,0.0001,,-0.0001,-0.0017,-0.0457,,,-0.0,,,,,,,-0.3271,-0.1109,-0.0082,,-0.0001,,,,-0.0,-0.1056,-0.1393,-0.1749,-0.0,-0.0,-0.0033,,0.252,-0.0002,0.1884,,,,,,,,,,,,,,,-0.0245,,0.0731,,,,-0.0,,,,,,,,,,,,,,-0.0001,-0.0002,,,0.0001,,,,0.0004,-0.0176,,,-0.0032,,,,,,,,,,
bind_100_binder,Binder,,,,,,,,,,,,,,,,,,,,,,,,,,,,,,,,,,,,,,,,,,,,,,,,-0.0035,-0.3475,-0.0447,-0.237,-0.1359,-0.0012,-0.0003,-0.1134,-0.0142,-0.0,-0.1992,0.0522,-0.0,-0.0181,0.0,,,-0.0001,,,,,,,,-0.0002,,,,,,-0.0429,,0.0026,,,,,,-0.0006,-0.0005,0.02,,-0.0,0.0049,,-0.0506,,-0.0024,,,-0.0,,,,,,,-0.1664,-0.0,,,-0.0021,-0.0,,,,0.0086,-0.0001,-0.0026,-0.0033,-0.0033,-0.0065,,0.1846,-0.0005,-0.1812,,,,,,,,,,,,,,,-0.0,-0.0,-0.3862,-0.0012,-0.0008,,-0.0,,,,,,,,,,,,,,-0.008,-0.0283,-0.0012,-0.0325,-0.0041,-0.0183,,,-0.0425,-0.0001,,,-0.0001,,,,,,,,,,
bind_101_binder,Binder,,,,,,,,,,,,,,,,,,,,,,,,,,,,,,,,,,,,,,,,,,,,,,,,-0.0218,-0.4711,-0.0038,-0.3025,-0.1155,-0.0026,-0.0012,-0.0721,,,-0.0786,0.0466,,,0.0,,,,,,,,,,,-0.0,,,,,,-0.2708,,-0.0005,,,,,,,-0.0006,0.0169,,-0.0007,0.0036,,-0.0168,-0.0005,-0.0247,,,,,,,,,,-0.288,-0.1283,-0.0159,,0.0749,-0.0,-0.0002,-0.001,-0.0001,0.0862,-0.0006,-0.0091,-0.0019,-0.001,0.0065,,-0.0068,-0.0008,-0.0942,,,,,,,,,,,,,,,-0.0004,,0.012,,,,,,,,,,,,,,,,,,,,,,,-0.0008,,,-0.0033,-0.0052,,,-0.0002,,,,,,,,,,
bind_102_binder,Binder,,,,,,,,,,,,,,,,,,,,,,,,,,,,,,,,,,,-0.0,-0.0367,,,,,,,,,,,,-0.0001,-0.3283,-0.0002,-0.0066,-0.0059,,,-0.0098,,,0.0486,-0.0001,,-0.0009,0.0,,,-0.0,,,,,,,,,,,,,,,,0.0,,,,,,-0.0004,-0.0,-0.0343,-0.0304,-0.0,-0.0004,,-0.0,,-0.0,,,,,,,,,,-0.0914,-0.0218,-0.0149,,-0.0,,,-0.0105,-0.0934,-0.0001,-0.055,0.0248,,,-0.0004,,-0.1973,-0.0972,-0.2725,,,,,,,,,,,,,,,-0.1357,-0.0004,-0.246,-0.0395,-0.0,,,,,,,,,,,,,,,,-0.0079,-0.0,,-0.0,0.0032,0.0832,,-0.0001,0.028,-0.0405,,,-0.1019,,,,,,,,,,
bind_110_binder,Binder,,,,,,,,,,,,,,,,,,,,,,,,,,,,,,,,,,,,,,,,,,,,,,,,-0.0055,-0.2895,-0.0023,-0.0282,-0.0769,,,-0.0057,,,-0.1538,0.0072,,-0.0,-0.0,,,,,,,,,,,-0.1434,,,,,,,,-0.0,,,,,,-0.0001,-0.0006,0.0059,-0.0,-0.0,0.0014,,-0.0,,-0.0549,,,,,,,,,,-0.5125,-0.1393,-0.0002,,0.0008,,-0.0,-0.0,-0.0,0.1164,-0.0,-0.0014,-0.0,-0.0,-0.0008,,0.0867,-0.0001,0.2892,,,,,,,,,,,,,,,,,0.0323,0.0,,,-0.0,,,,,,,,,,,,,,0.0009,0.0,,,0.0821,0.0002,,,-0.0033,0.0004,,,-0.0002,,,,,,,,,,
pair_3061_binder,Binder,,,,,,,,,,,,,,,,,,,,,,,,,,,,,,,,,,,,,,,,,,,,,,,,,-0.1217,-0.0011,-0.0117,-0.0498,,,0.0342,,,0.0322,0.0728,,0.0,-0.0003,,,,,,,,,,,,,,,,,0.0288,,-0.0003,,0.0624,,,,-0.0001,-0.0006,0.0008,-0.0,-0.0,0.0042,,-0.0009,,-0.0001,,,,,,,,,,-0.0502,-0.007,-0.0283,-0.0,-0.0003,,,-0.0,-0.0,-0.0056,-0.0301,-0.0233,-0.0001,-0.0,-0.0003,,-0.1176,-0.0137,-0.1797,,,,,,,,,,,,,,,-0.0032,-0.0,0.149,-0.0,-0.0,,,,,,,,,,,,,,,,0.0478,0.0001,,,0.0017,0.0258,,,0.0253,-0.0259,,,-0.0005,,,,,,,,,,
nonb_006_nb,False Positive,,,,,,,,,,,,,,,,,,,,,,,,,,,,,,,,,,,,,,,,,,,,,,,,-0.0003,-0.1214,-0.0,-0.0142,-0.0056,-0.0,,-0.0713,,,-0.3124,-0.0289,,0.0,-0.0006,,,,,,,,,,,,,,,,,-0.4274,,-0.059,-0.0,-0.0004,,,,-0.0031,-0.023,-0.0405,-0.0007,-0.0022,-0.0012,,-0.0426,,-0.0,,,,,,,,,,-0.057,-0.0073,-0.0456,,-0.0014,,,,-0.001,-0.0732,-0.0665,-0.0564,-0.0,-0.0,-0.0028,,0.0989,-0.0382,-0.2485,,,,,,,,,,,,,,,-0.0031,-0.0006,-0.0491,-0.0376,-0.0009,,,,,,,,,,,,,,,,-0.0,-0.0,,,0.0,0.0038,,,0.2955,-0.0614,,,-0.0001,,,,,,,,,,
nonb_008_nb,False Positive,,,,,,,,,,,,,,,,,,,,,,,,,,,,,,,,,,,,,,,,,,,,,,,,-0.0253,-0.6477,-0.0021,-0.6229,-0.23,-0.0019,-0.001,0.2996,,,-0.0229,0.0907,,-0.017,0.0324,,,,,,,,,,,-0.0086,,,,,,0.0055,,,,-0.003,,,,-0.0089,-0.0001,-0.0002,,,,,0.0,,-0.0019,,,,,,,,,,-0.1217,-0.002,0.2484,,,,,,,,,0.0086,,,-0.0,,-0.1939,-0.0004,-0.401,,,,,,,,,,,,,,,-0.0,,-0.2033,,,,,,,,,,,,,,,,,,0.0103,-0.0,,,0.3672,-0.0028,,,-0.0172,-0.0104,,,-0.0044,,,,,,,,,,
nonb_009_nb,False Positive,,,,,,,,,,,,,,,,,,,,,,,,,,,,,,,,,,,,,,,,,,,,,,,,-0.0407,0.5292,0.2576,0.5545,0.4121,,-0.0001,0.0099,,,0.1329,0.0003,-0.0,-0.0427,-0.0,,,-0.0,,,,,,,,-0.0041,,,,,,0.0001,,0.0,,,,,,-0.0011,-0.0786,-0.001,,,-0.0,,-0.0,,-0.1031,,-0.0,-0.0402,,,,,,,0.0222,-0.0382,-0.0029,,-0.0,,-0.0,-0.0,,-0.002,-0.0,-0.0001,,,0.008,,0.4221,,-0.0082,,,,,,,,,,,,,,,,,,,,,,,,,,,,,,,,,,,-0.0,-0.0024,,,0.0133,0.0606,,-0.0001,0.0046,-0.0015,,,-0.0,,,,,,,,,,
nonb_010_nb,False Positive,,,,,,,,,,,,,,,,,,,,,,,,,,,,,,,,,,,,,,,,,,,,,,,,,,,,,,,-0.0077,,,-0.0002,-0.0858,-0.0001,,0.5182,,,,,,,,,,,,,,,,,-0.2652,,0.4496,,0.0036,,,,,-0.0162,-0.0001,,,0.6268,,0.2236,,,,,,,,,,,,,,-0.0954,,0.0621,,,,-0.0,-0.0027,-0.0369,-0.0385,-0.0,,-0.1211,-0.0,-0.0005,,,,,,,,,,,,,,,,,,,-0.0586,,,,,-0.0,-0.0,-0.0521,-0.0,,-0.0335,,,,,-0.0001,,,-0.0,,,,0.0177,-0.0514,,,,,,,,,,,,,,,,,
nonb_011_nb,False Positive,,,,,,,,,,,,,,,,,,,,,,,,,,,,,,,,,,,,,,,,,,,,,,,,-0.0,-0.1449,-0.004,-0.222,-0.378,,-0.0,-0.2264,,,-0.4999,-0.0015,,-0.0,-0.0,,,-0.0,,,,,,,,,,,,,,-0.017,,-0.0066,,,,,,-0.0,-0.0155,-0.0008,,,-0.0,,-0.0624,,-0.0547,,-0.0,,,,,,,,-0.3367,-0.3289,-0.1454,,-0.0002,,-0.0,-0.0005,0.0565,-0.0149,-0.0196,-0.0074,,,0.0032,,0.188,-0.0149,-0.0533,,,,,,,,,,,,,,,,,-0.0722,,,,,,,,,,,,,,,,,,0.0072,-0.0039,,-0.001,0.0,,,,-0.0004,,,,,,,,,,,,,,
nonb_013_nb,False Positive,,,,,,,,,,,,,,,,,,,,,,,,,,,,,,,,,,-0.0001,,,,,,,,,,,,,,,-0.0088,,-0.0,-0.2477,,,,,,-0.0222,-0.0247,,,,,,,,,,,,,,,,,,,,,,,,,,,,,,0.005,0.5368,0.7541,0.5837,,0.008,-0.0,-0.0026,,,,,,,,,,-0.5869,-0.5321,-0.211,-0.0002,-0.0009,-0.0,-0.0,-0.0004,0.0,-0.0003,,,,,-0.0,,0.0223,-0.5868,-0.1291,,,,,,,,,,,,,,,,,0.1454,-0.0837,-0.0048,,,,,,,,,,,,,,,,,,,,0.0,-0.0013,,,0.2593,,,,-0.0,,,,,,,,,,
nonb_014_nb,False Positive,,,,,,,,,,,,,,,,,,,,,,,,,,,,,,,,,,,,,,,,,,,,,,,,-0.0002,-0.0805,-0.0,-0.0034,-0.0012,,,-0.0245,,,0.1409,0.005,,0.0,0.0345,,,,,,,,,,,-0.0,,,,,,-0.1163,,-0.0046,,0.0028,,,,,,0.0004,,,-0.0,,-0.0048,,-0.0,,,,,,,,,,-0.0752,-0.0005,-0.4797,,-0.0038,,,,,-0.0614,,-0.0736,-0.0304,-0.0026,-0.0827,,-0.1793,-0.132,0.0481,,,,,,,,,,,,,,,-0.0,,0.199,-0.0459,-0.1111,,-0.0001,,,,,,,,,,,,,,0.0,-0.0008,,,0.0001,-0.054,,,0.0337,0.1287,,,0.0012,,,,,,,,,,
nonb_017_nb,False Positive,,,,,,,,,,,,,,,,,,,,,,,,,,,,,,,,,,,,,,,,,,,,,,,,-0.0015,-0.0634,-0.0,-0.0586,-0.0572,-0.0,-0.0,-0.1098,0.0,,0.0068,0.2077,-0.0,0.0072,-0.041,,,-0.0,,,,,,,,,,,,,,-0.189,,-0.0832,,0.0521,,,,,0.0033,0.0448,,-0.0,0.0231,,-0.0283,,-0.0,,,,,,,,,,-0.0022,-0.0,-0.1698,-0.0,-0.0047,,,,-0.0002,0.0282,-0.0003,-0.0004,,,-0.006,,-0.0446,-0.0068,-0.0684,,,,,,,,,,,,,,,,,-0.0685,-0.0,,,,,,,,,,,,,,,,,-0.0,,,,,-0.0034,,-0.0,0.1062,-0.0093,,-0.0,-0.0157,,,,,,,,,,
nonb_018_nb,False Positive,,,,,,,,,,,,,,,,,,,,,,,,,,,,,,,,,,,,,,,,,,,,,,,,-0.0,0.0978,-0.0225,0.2563,0.0333,,,0.0528,,,-0.0941,0.0063,-0.0001,0.0251,-0.0,,,-0.0,,,,,,,,,,,,,,-0.0001,,-0.002,,,,,,-0.001,-0.0015,,,,0.0,,-0.007,,-0.0667,,-0.0,-0.0001,,,,,,,-0.4174,-0.1381,-0.3937,-0.0,0.0014,,,,,-0.0,,-0.0,,,-0.0193,-0.0,-0.0221,-0.026,-0.427,,,,,,,,,,,,,,,,,-0.3503,-0.0,-0.0,,,,,,,,,,,,,,,,-0.0391,-0.0058,-0.0,-0.0083,-0.0734,-0.0088,,-0.001,-0.0187,-0.0,,,-0.0,,,,,,,,,,
nonb_019_nb,False Positive,,,,,,,,,,,,,,,,,,,,,,,,,,,,,,,,,,,,,,,,,,,,,,,,-0.0001,-0.7399,-0.0964,-0.1859,0.0302,,-0.0,,,,-0.067,-0.0042,,,,,,,,,,,,,,,,,,,,,,-0.0,,,,,,,-0.0005,-0.0001,,,,,-0.0,,-0.1308,,-0.0004,-0.0,,,,,,,0.0317,0.2453,0.0757,,-0.0,,,,,-0.0002,,-0.0003,,,-0.0006,,0.1025,0.2155,0.0503,,,,,,,,,,,,,,,-0.0013,-0.0,-0.3889,-0.0036,-0.0003,,,,,,,,,,,,,,,,-0.0,-0.2158,,,-0.0456,-0.1674,,,-0.0338,-0.0008,,,-0.0003,,,,,,,,,,
nonb_021_nb,False Positive,,,,,,,,,,,,,,,,,,,,,,,,,,,,,,,,,,,,,,,,,,,,,,,,-0.0,-0.2772,-0.0091,-0.3224,-0.2475,,-0.0,-0.2109,,,-0.3787,-0.0087,-0.0006,0.0999,0.0001,,,-0.0051,,,,,,,,,,,,,,-0.0001,,-0.0634,-0.0,-0.0,,,,-0.0008,-0.0023,-0.0001,-0.0002,-0.0,-0.0,,-0.0184,-0.0,-0.0096,,-0.0,-0.0,,,,,,,-0.2708,-0.1299,-0.1412,-0.0,0.0005,,,,,-0.0006,,-0.0,,,-0.0001,-0.0,-0.1508,-0.0654,-0.2194,,,,,,,,,,,,,,,,,-0.4388,-0.001,-0.0,,,,,,,,,,,,,,,-0.0001,-0.0733,0.0002,,-0.0439,-0.061,-0.0012,,-0.004,-0.0179,,,,-0.0,,,,,,,,,,
nonb_022_nb,False Positive,,,,,,,,,,,,,,,,,,,,,,,,,,,,,,,,,,-0.0,,,,,,,,,,,,,,-0.0046,-0.0832,-0.0099,-0.077,-0.0292,-0.0001,-0.0006,-0.0113,,-0.0,-0.2827,-0.0674,-0.1629,0.1088,-0.0659,,,,,,,,,,,-0.0,,,,,,0.0005,,-0.1092,,0.0,-0.0,,,-0.0001,-0.0008,0.0009,,,-0.0169,,-0.0088,,-0.0131,,,-0.0,,,,,,,-0.0612,-0.0263,-0.0272,,-0.0002,,,,,-0.0103,-0.002,-0.0028,,,-0.0,,-0.0235,-0.0006,-0.0274,,,,,,,,,,,,,,,,,-0.4539,,,,,,-0.0,-0.0,,,,,,,-0.0,-0.0083,,,-0.0172,0.027,,,0.3351,-0.0152,,-0.0013,0.005,-0.1295,,-0.0089,-0.0,,,,,,,,,,
nonb_023_nb,False Positive,,,,,,,,,,,,,,,,,,,,,,,,,,,,,,,,,,,,,,,,,,,,,,,,-0.4379,-0.6881,-0.0,-0.4999,-0.0121,-0.0,,-0.0072,,,0.0673,0.1449,,0.0,,,,,,,,,,,,,,,,,,,,,,-0.0,,,,-0.0001,0.0249,0.0049,-0.0,,,,,,-0.0,,,,,,,,,,-0.0154,-0.0,-0.0,,,,,,,-0.0001,,0.0,,,-0.0,,-0.0564,,-0.3261,,,,,,,,,,,,,,,,,0.2954,,,,,,,,,,,,,,,,,,-0.0002,-0.0,,,0.1754,-0.0012,,,0.8976,0.4815,,,0.3009,,,,,,,,,,
nonb_024_nb,False Positive,,,,,,,,,,,,,,,,,,,,,,,,,,,,,,,,,,,,,,,,,,,,,,,,,-0.0038,,-0.0,,,,-0.1442,,,-0.2838,-0.1929,,,-0.0022,,,,,,,,,,,,,,,,,-0.6992,,0.0,,,,,,,-0.0001,-0.0045,,-0.0192,-0.0038,-0.0,-0.0,,,,,,,,,,,,-0.0001,-0.0,-0.4513,,0.0016,-0.0,-0.0005,-0.0642,-0.0296,-0.0084,-0.0097,-0.0098,-0.0,,0.0046,,0.0809,-0.0,-0.5103,,,,,,,,,,,,,,,-0.0,,0.0366,-0.0,,,,,,,,,,,,,,,,,,,,,0.0,-0.3093,,,0.0071,-0.5062,,,-0.0012,,,,,,,,,,
nonb_025_nb,False Positive,,,,,,,,,,,,,,,,,,,,,,,,,,,,,,,,,,,,,,,,,,,,,,,,,,,-0.0,-0.0001,,-0.0,-0.442,-0.0008,-0.0,-0.0868,-0.1878,,-0.0001,,,,,,,,,,,,,,,,,,-0.0002,,,,,,,,,-0.0,0.0052,0.001,0.0041,0.0555,,-0.0,,,,,,,,,,,,,,,,-0.0035,-0.0,-0.0005,-0.0,,0.0012,-0.0001,-0.0103,-0.0022,-0.0018,-0.0061,,0.1291,-0.0258,-0.0021,,,,,,,,,,,,,,,,,0.1652,-0.0214,0.0008,,,,,,,,,,,,,,,,-0.0,0.0,,-0.0,0.1714,0.1934,-0.0,-0.0001,-0.0071,,,,,,,,,,,,,,
nonb_026_nb,False Positive,,,,,,,,,,,,,,,,,,,,,,,,,,,,,,,,,,,,,,,,,,,,,,,,-0.0,-0.1556,-0.0,-0.0116,-0.0076,,,-0.1254,,,0.1094,0.0121,,,,,,,,,,,,,,,,,,,,-0.4251,,,,,,,,,-0.0,-0.001,-0.0,-0.0075,-0.0002,,-0.0,,,,,,,,,,,,-0.0094,,,,0.1876,,-0.0013,-0.0266,-0.0201,-0.1042,-0.0031,-0.0993,-0.0166,-0.0012,-0.0043,,0.2563,0.0022,0.3534,,,,,,,,,,,,,,,-0.0007,,0.5256,0.0,,,-0.0003,,,,,,,,,,,,,,-0.0,-0.0,,,,0.0792,,,0.162,-0.017,,,-0.0045,,,,,,,,,,
nonb_029_nb,False Positive,,,,,,,,,,,,,,,,,,,,,,,,,,,,,,,,-0.0,-0.0,-0.0,,,,,,,,,,,,,,-0.0,-0.0132,-0.0001,-0.0029,-0.0086,,-0.0,-0.0147,,,-0.1776,-0.1012,,,0.0001,,,-0.0,,,,,,,,,,,,,,-0.0001,,-0.0004,,-0.0001,,,,,-0.0004,0.0117,-0.0001,-0.0015,0.0138,,-0.0038,,-0.0002,,,,,,,,,,-0.0651,-0.0313,-0.0169,-0.0009,-0.0049,,-0.0003,-0.0041,-0.0006,-0.0609,-0.045,-0.0514,-0.0025,-0.0,-0.0093,-0.0001,0.2318,-0.1194,-0.1135,,,,,,,,,,,,,,,,,0.0467,-0.0095,-0.0171,,-0.0,-0.0,,-0.0,,,,,,,,-0.0,,,-0.0,-0.0035,-0.0,,-0.0,0.1039,,,0.2006,-0.0,,,-0.0,,,,,,,,,,
nonb_032_nb,False Positive,,,,,,,,,,,,,,,,,,,,,,,,,,,,,,,,-0.0,,-0.0,,,,,,,,,,,,,,,-0.0162,,-0.0001,-0.0,,,,,,-0.08,-0.7249,-0.0,,,,,,,,,,,,,,,,,,,,,,,,,,,,-0.001,0.0519,,,0.0,,,,,,,,,,,,,,-0.0001,,,,-0.0502,-0.0,-0.0004,-0.0001,-0.0,-0.0725,-0.0016,-0.2343,-0.0004,-0.0001,-0.1526,,0.0999,-0.1265,0.0302,,,,,,,,,,,,,,,,,0.0119,-0.6761,-0.0975,,-0.0,,,,,,,,,,,,,,,-0.0,,,-0.0053,-0.0492,,,0.1001,,,,,,,,,,,,,,
nonb_046_nb,False Positive,,,,,,,,,,,,,,,,,,,,,,,,,,,,,,,,,,,,,,,,,,,,,,,,-0.0,-0.1303,-0.0089,-0.0113,0.1528,,-0.0,0.1927,-0.0,-0.0,0.1433,0.0121,,0.0003,-0.0055,,,,,,,,,,,,,,,,,0.4203,,-0.0134,,0.0007,,,,0.0,0.0351,0.1479,,,-0.0356,-0.0,0.2033,,-0.0064,,,-0.0,,,,,,,-0.1908,-0.0772,-0.0192,,-0.0007,,,,-0.0,-0.0082,-0.0012,-0.008,-0.0,,-0.0202,,-0.0577,-0.004,-0.0934,,,,,,,,,,,,,,,,,-0.1137,,,,,-0.0,,-0.0,,,-0.0,,,,,-0.0,,-0.0001,0.0032,0.0005,-0.0,-0.0001,-0.0,0.0002,,,0.0082,,,,-0.0,,,,,,,,,,
nonb_047_nb,False Positive,,,,,,,,,,,,,,,,,,,,,,,,,,,,,,,,,,,,,,,,,,,,,,,,,-0.3706,-0.0072,-0.1183,-0.1486,-0.0,,-0.0022,,,-0.1381,-0.0007,,,-0.0,,,,,,,,,,,-0.0,,,,,,-0.1725,,0.0007,,,,,,-0.0,-0.0081,0.001,,,-0.0,,-0.0876,-0.0032,-0.2383,,-0.0,,,,,,,,0.0502,0.1735,-0.1825,0.0127,0.0136,,,,,-0.0117,-0.0136,-0.0166,,,0.0101,0.0034,0.1249,0.1813,0.0756,,,,,,,,,,,,,,,,,-0.3771,-0.0105,-0.0006,,,,,-0.0,,,,,,,,,,,0.0,-0.214,,,-0.0237,-0.2496,,,-0.0048,,,,,,,,,,,,,,
nonb_048_nb,False Positive,,,,,,,,,,,,,,,,,,,,,,,,,,,,,,,,,,,,,,,,,,,,,,,,,-0.0,,-0.0,-0.0,,,-0.1202,,,-0.0203,-0.0507,,-0.0019,0.0064,,,-0.0,,,,,,,,,,,,,,0.0067,,0.0808,-0.0001,-0.0001,-0.0,-0.0,,-0.0002,-0.0011,-0.0016,-0.0001,-0.0,0.0154,-0.0,0.5979,,,,,,,,,,,,,,-0.0,-0.0,0.11,,-0.0,-0.0,-0.015,-0.0973,-0.0044,-0.0249,-0.0,,-0.0005,-0.0,0.0399,,-0.0006,,,,,,,,,,,,,,,,,-0.1759,,,,,,,,,,,,,,,,,-0.0,-0.0916,-0.0039,,-0.0038,-0.3873,-0.1575,,-0.0082,-0.0008,,,,,,,,,,,,,,
nonb_049_nb,False Positive,,,,,,,,,,,,,,,,,,,,,,,,,,,,,,,,,,,,,,,,,,,,,,,,,,,,,,,,,,0.9085,0.3549,,,,,,,,,,,,,,,,,,,,,,,,,,,,,-0.0015,0.001,,,0.0,,,,,,,,,,,,,,,,,,-0.0915,,,,,-0.1813,-0.01,-0.317,-0.1707,-0.1499,-0.1726,,0.3872,0.0011,0.6668,,,,,,,,,,,,,,,,,0.9115,-0.0,,,-0.0008,,,,,,,,,,,,,,-0.0,-0.0015,,,-0.0,0.8339,,,0.0502,-0.0,,,,,,,,,,,,,
nonb_050_nb,False Positive,,,,,,,,,,,,,,,,,,,,,,,,,,,,,,,,,,,,,,,,,,,,,,,,,,,,,,,,,,-0.2945,0.0463,-0.0002,-0.0148,-0.0045,,,,,,,,,,,,,,,,,,,-0.0046,-0.0,-0.0,-0.0001,-0.0,-0.0015,-0.002,-0.002,-0.0099,,,-0.0188,-0.0,-0.0014,,,,,,,,,,,,,,-0.0,-0.0,-0.0131,-0.0001,-0.0011,-0.0003,-0.0014,-0.0342,-0.0304,-0.0133,-0.0002,-0.0,0.0536,-0.005,-0.1442,-0.0109,-0.0182,,,,,,,,,,,,,,,,,-0.1791,-0.0285,-0.0615,,-0.0,,-0.0,-0.0001,,-0.0,-0.0006,-0.0,,,-0.0,-0.0001,,,-0.0062,-0.0279,,-0.0,-0.0239,-0.0615,,-0.0001,-0.1017,,,,,,,,,,,,,,
nonb_051_nb,False Positive,,,,,,,,,,,,,,,,,,,,,,,,,,,,,,,,,,-0.016,,,,,,,,,,,,,,-0.0,-0.0253,-0.0,-0.0168,-0.147,,-0.0,-0.0286,,,-0.341,-0.0508,-0.0,0.0,-0.079,,,,,,,,,,,,,,,,,-0.0487,,-0.2019,,0.0006,,,,-0.0,0.0296,0.096,,-0.0,-0.1039,,-0.1439,,-0.0001,,,,,,,,,,-0.002,-0.0054,-0.1311,-0.0001,-0.0032,,-0.0,-0.0001,-0.0,-0.0154,-0.0116,-0.0211,-0.0001,-0.0001,-0.005,-0.0,-0.1267,-0.0,-0.0064,,,,,,,,,,,,,,,-0.0001,,-0.3215,,,,,,,,,,,,,,,,,,-0.0077,-0.0001,-0.0,-0.0002,-0.0002,-0.0376,,-0.0,-0.0398,-0.0312,,-0.0,-0.0192,,,,,,,,,,
nonb_052_nb,False Positive,,,,,,,,,,,,,,,,,,,,,,,,,,,,,,,,,,,,,,,,,,,,,,,,,-0.0,,-0.0026,-0.0686,,-0.0,-0.0,-0.0,-0.0,-0.0405,-0.0764,,0.0028,0.0489,,,,,,,,,,,,,,,,,0.026,-0.0,0.0177,,0.0001,,,,,0.0062,0.067,,,-0.0098,-0.0,-0.0379,,,,,,,,,,,,-0.0004,-0.0005,-0.1745,-0.0274,-0.0124,,,,-0.0,-0.0175,-0.0358,-0.0023,,,-0.032,-0.0056,-0.093,-0.0005,-0.0072,,,,,,,,,,,,,,,,,-0.4494,,-0.0001,,,,,,,,,,,,,,,,0.0,-0.0,,,-0.0003,-0.0008,,,0.0359,,,,,,,,,,,,,,
nonb_053_nb,False Positive,,,,,,,,,,,,,,,,,,,,,,,,,,,,,,,,,,,,,,,,,,,,,,,,,-0.0,,,,,,,,,-0.1442,0.458,-0.0111,0.0207,-0.0001,,,,,,,,,,,,,,,,,,,-0.001,,,,,,,-0.0206,0.0029,,-0.0001,-0.0,,-0.0274,,,,,,,,,,,,,,,,-0.0282,-0.0,-0.0001,-0.0,-0.0002,0.06,-0.087,-0.0752,-0.0,,-0.0027,,0.2431,-0.0,-0.024,,,,,,,,,,,,,,,,,0.3308,-0.0012,-0.0144,,,,,-0.0,,,,,,,,,,,-0.006,-0.0035,,,-0.0256,0.0036,,,-0.0863,-0.0025,,,,,,,,,,,,,
nonb_054_nb,False Positive,,,,,,,,,,,,,,,,,,,,,,,,,,,,,,,,-0.0001,-0.0,-0.0,,,,,,,,,,,,,,,-0.0192,-0.0,-0.0017,-0.0198,,,,,,-0.3015,0.0066,,0.0,,,,,,,,,,,,,,,,,,,,-0.0,-0.0013,-0.0013,,,,,-0.0009,-0.0006,0.0909,-0.0,0.0111,,-0.33,,-0.0002,,,,,,,,,,-0.2028,-0.2573,-0.3388,-0.0037,-0.008,,,-0.0,-0.0003,0.0551,-0.0079,-0.0229,,,-0.0036,-0.0,0.1366,-0.3966,-0.424,,,,,,,,,,,,,,,,,0.0739,-0.0319,-0.0008,,,,,,,,,,,,,-0.0009,,,-0.0,-0.0003,,,0.0,0.0374,,,0.1918,,,,-0.0035,,,,,,,,,,
nonb_056_nb,False Positive,,,,,,,,,,,,,,,,,,,,,,,,,,,,,,,,-0.0077,-0.0004,-0.0038,,,,,,,,,,,,,,,-0.0007,,-0.0003,-0.0004,,,-0.0146,,,-0.0063,-0.258,,-0.0249,-0.0054,,,,,,,,,,,,,,,,,-0.4008,,-0.0128,,,,,,-0.0,-0.0073,0.0152,,-0.0017,-0.0001,-0.0,-0.0657,,,,,,,,,,,,-0.0001,-0.0,,,-0.038,-0.0096,-0.0204,-0.0259,-0.0019,-0.0632,-0.0105,-0.0551,-0.0039,-0.001,-0.0015,-0.0,-0.0425,-0.0438,-0.1372,,,,,,,,,,,,,,,,,-0.2764,-0.1444,-0.031,,-0.0,,,-0.0,,,,,,,,,,,-0.01,0.0011,-0.0,-0.0,-0.0719,-0.0189,-0.0,,-0.1218,-0.0011,,,-0.0001,,,,,,,,,,
nonb_066_nb,False Positive,,,,,,,,,,,,,,,,,,,,,,,,,,,,,,,,,,,,,,,,,,,,,,,,-0.0,-0.0126,-0.0004,-0.0644,-0.2055,-0.0039,-0.0027,,,,-0.023,-0.0836,-0.0019,-0.006,-0.0209,,,,,,,,,,,,,,,,,-0.0218,-0.0003,-0.1385,,-0.0003,,,,-0.0,0.1063,0.1829,,,-0.1665,-0.0002,-0.0658,,-0.0002,,,,,,,,,,-0.0056,-0.0001,-0.1543,0.0,0.0061,,,,-0.0,-0.0461,-0.0198,-0.0333,,,-0.0061,,-0.0161,-0.0003,-0.0044,,,,,,,,,,,,,,,,,-0.1794,-0.0,-0.0,,,,,-0.0,,,,,,,,,,,-0.0,,,,-0.0,-0.0001,,,-0.0654,-0.0,,,-0.0,,,,,,,,,,
nonb_067_nb,False Positive,,,,,,,,,,,,,,,,,,,,,,,,,,,,,,,,,,-0.0004,,,,,,,,,,,,,,,-0.0003,,,,,,,,,-0.2034,0.4282,,0.0919,,,,,,,,,,,,,,,,,,-0.0,,,,,,,,,-0.0,0.0001,,-0.0,-0.0001,-0.0,,,,,,,,,,,,,,,,,-0.0582,-0.1895,-0.1001,-0.0019,-0.0,-0.1113,,-0.0054,-0.2105,-0.2281,-0.0758,,-0.2867,-0.0227,-0.453,,,,,,,,,,,,,,,-0.0,,-0.3913,-0.4499,-0.0861,,,,,,,,,,,,,,,,,-0.0009,,,0.0057,0.167,,,0.2009,-0.0481,,,-0.0003,,,,,,,,,,
nonb_068_nb,False Positive,,,,,,,,,,,,,,,,,,,,,,,,,,,,,,,,,,,,,,,,,,,,,,,,-0.0048,-0.0142,0.0001,-0.0028,0.0104,,-0.0001,-0.0311,,-0.0001,0.1088,0.2163,,0.0568,-0.0016,,,,,,,,,,,,,,,,,-0.0018,-0.0,-0.0008,,-0.0001,,,,-0.0002,0.0003,-0.0002,,-0.0003,-0.0074,,-0.0025,,-0.0025,,-0.0,-0.0,,,,,,,-0.2017,-0.1286,-0.1129,,-0.0874,-0.0253,-0.1089,-0.0032,-0.0001,0.1002,,-0.0005,-0.1052,-0.1351,-0.0576,,-0.0486,-0.0914,-0.371,,,,,,,,,,,,,,,,,-0.0051,-0.0,-0.0049,,-0.0,,,,,,,,,,,,,,-0.0,-0.0005,,,0.005,-0.0111,,,0.0111,-0.0002,,,-0.0,,,,,,,,,,
nonb_071_nb,False Positive,,,,,,,,,,,,,,,,,,,,,,,,,,,,,,,,,,,,,,,,,,,,,,,,-0.0001,-0.2815,-0.0166,-0.2037,-0.0956,-0.0,-0.0015,0.0222,-0.0,-0.0,-0.3249,-0.0453,,0.0565,-0.0354,,,,,,,,,,,,,,,,,0.5039,,-0.0678,,0.0,,,,-0.0006,-0.0225,0.0336,,,-0.0163,,0.1196,,-0.0181,,-0.0,-0.0,,,,,,,-0.2704,-0.1789,-0.1551,-0.0,-0.0,,,,-0.0038,-0.0233,-0.0354,-0.0192,,,-0.0001,-0.0,-0.0889,-0.0062,-0.1664,,,,,,,,,,,,,,,,,-0.111,-0.0,,,,,,,,,,,,,,,,,-0.0,-0.0,,,0.0174,-0.0053,,-0.0001,-0.0,,,,,,,,,,,,,,
nonb_072_nb,False Positive,,,,,,,,,,,,,,,,,,,,,,,,,,,,,,,,,,,,,,,,,,,,,,,,,-0.0,,,,,,,,,-0.272,0.2553,,0.1031,,,,,,,,,,,,,,,,,,,,,,,,,,,-0.0,-0.0036,,-0.0005,-0.0077,-0.0,,,,,,,,,,,,,-0.0004,-0.0,-0.2328,,0.1523,-0.0409,-0.1101,-0.092,-0.0039,-0.0051,,-0.0007,-0.0866,-0.1042,0.0527,,-0.3274,-0.0517,-0.5051,,,,,,,,,,,,,,,-0.0,,-0.3987,-0.1518,-0.3847,,,,,,,,,,,,,,,,,-0.001,,,0.0741,-0.0579,,,0.4688,-0.1002,,,-0.0006,,,,,,,,,,
nonb_073_nb,False Positive,,,,,,,,,,,,,,,,,,,,,,,,,,,,,,,,,,,,,,,,,,,,,,,,-0.0036,-0.1046,-0.0021,-0.0435,-0.1776,0.0,-0.0017,-0.0433,,-0.0003,-0.2109,0.004,,-0.0001,-0.0057,,,,,,,,,,,,,,,,,-0.0096,,-0.0165,,0.0002,,,,0.0,0.0,-0.0003,,,-0.0022,,-0.0376,,-0.001,,,,,,,,,,-0.1351,-0.0602,-0.038,,-0.0,,,,,,,0.0,,,-0.2227,,-0.1373,-0.0477,-0.4351,,,,,,,,,,,,,,,-0.0,,-0.0768,-0.0,-0.0016,,,,,,,,,,,,,,,-0.0,0.1914,0.0361,-0.0,-0.0001,-0.2854,-0.2265,,,-0.0603,-0.0002,,,-0.047,,,,,,,,,,
nonb_074_nb,False Positive,,,,,,,,,,,,,,,,,,,,,,,,,,,,,,,,,,,,,,,,,,,,,,,,-0.0168,-0.567,-0.0038,-0.1742,-0.044,-0.0,-0.001,0.009,-0.0004,-0.0007,0.0039,-0.0285,,-0.0002,0.0001,,,,,,,,,,,-0.005,,,,,,-0.0,,0.0,,,,,,-0.0,0.0001,0.0001,,,,,0.0,,-0.0022,,,,,,,,,,-0.2928,-0.0676,-0.2157,,0.0,,,,,,,0.035,,,-0.0899,,-0.0757,-0.0379,-0.1593,,,,,,,,,,,,,,,-0.005,,-0.1466,,-0.0001,,,,,,,,,,,,,,,,-0.0001,-0.3104,,,-0.2181,-0.2893,,,-0.1556,-0.0268,,-0.0,-0.0275,,,,,,,,,,
nonb_075_nb,False Positive,,,,,,,,,,,,,,,,,,,,,,,,,,,,,,,,,,-0.0017,,,,,,,,,,,,,,-0.0123,-0.114,-0.0,-0.0327,-0.0006,-0.0,,-0.0307,,,-0.0458,0.1129,,-0.0012,-0.0012,,,,,,,,,,,,,,,,,-0.1058,,-0.0365,-0.0136,-0.0182,-0.0,-0.0,,-0.0002,-0.0149,0.0615,-0.0244,-0.0007,-0.0151,-0.0,-0.0077,,-0.0007,,,-0.0,,,,,,,-0.0099,-0.0036,-0.0075,,-0.0004,,-0.0,-0.0002,,0.0005,-0.0,-0.0003,,,-0.0,,-0.0708,-0.0006,-0.1292,,,,,,,,,,,,,,,-0.0,,0.0947,-0.0,,,,,,,,,,,,,,,,,-0.0008,-0.0,,,-0.0011,-0.0212,-0.0001,0.0012,0.0932,0.0152,,-0.0,0.0041,,,,,,,,,,
nonb_080_nb,False Positive,,,,,,,,,,,,,,,,,,,,,,,,,,,,,,,,,,,,,,,,,,,,,,,,-0.0001,-0.2031,,-0.0026,-0.0005,,,-0.0002,,,-0.4561,-0.3298,,,-0.0001,,,,,,,,,,,,,,,,,-0.0001,,-0.0001,,,,,,,-0.0,0.1467,,-0.0,-0.0099,,-0.0003,,,,,,,,,,,,-0.0027,,,,-0.0151,,,,,-0.0029,-0.0,-0.0003,-0.0,-0.0,-0.0085,,0.1127,-0.1838,-0.0146,,,,,,,,,,,,,,,-0.0002,,0.0231,-0.1762,-0.0001,,,,,,,,,,,,,,,,,,,,0.0,0.0122,,,-0.1139,-0.0004,,,-0.0085,,,,,,,,,,
nonb_081_nb,False Positive,,,,,,,,,,,,,,,,,,,,,,,,,,,,,,,,,,,,,,,,,,,,,,,,,,,,,,,,,,-0.0,0.2172,-0.0176,-0.2445,0.029,,,,,,,,,,,,,,,,,,,0.0,,,,,,,-0.0541,-0.0065,,,0.0,,-0.062,,,,,,,,,,,,,,-0.024,-0.0,-0.0828,,,,-0.0122,-0.1624,-0.3756,-0.0814,,,-0.186,-0.0,-0.2415,,,,,,,,,,,,,,,,,,,-0.5938,,-0.004,,,,,-0.0,-0.0,,-0.0002,,,,,-0.0,,,-0.0,-0.1803,,-0.0,-0.4691,-0.225,,-0.0,-0.4578,,,,,,,,,,,,,,
nonb_082_nb,False Positive,,,,,,,,,,,,,,,,,,,,,,,,,,,,,,,,,,,,,,,,,,,,,,,,,-0.0008,,-0.0083,-0.0215,,,0.4799,,,-0.0129,-0.0051,,0.0,0.3121,,,0.0072,,,,,,,,,,,,,,0.9248,,0.3143,,,,,,-0.0,0.3062,0.096,-0.0162,,,,0.3343,,,,,,,,,,,,-0.0,-0.0,-0.0472,-0.0,-0.0027,,,,-0.0,-0.0117,-0.0045,-0.0019,,,-0.0008,-0.0,-0.1299,,,,,,,,,,,,,,,,,,,,,,,,,,,,,,,,,,,,,-0.0034,-0.0004,,-0.0012,-0.0,,,,-0.0,,,,,,,,,,,,,,
nonb_085_nb,False Positive,,,,,,,,,,,,,,,,,,,,,,,,,,,,,,,,,,,,,,,,,,,,,,,,,-0.0003,-0.0,-0.003,0.3026,,-0.0,0.4407,,-0.0,-0.1274,-0.1798,,0.0003,0.1569,,-0.0,-0.0004,,-0.0,,,,,,-0.0,,,,,,0.5812,,0.679,,0.0762,,,,-0.0002,0.0002,0.0037,,-0.0047,0.103,-0.0001,0.0763,-0.0,-0.0,,,,,,,,,,-0.0001,-0.0003,-0.0119,-0.0,0.0003,-0.0,-0.0,-0.0007,-0.001,-0.0019,-0.0009,-0.0001,,,,,-0.0043,-0.0,-0.0005,,,,,,,,,,,,,,,,,-0.2586,,,,,,,,,,,,,,,,,,-0.0009,,,-0.0,-0.0,0.0007,,,-0.0003,-0.0,,,-0.0,,,,,,,,,,
nonb_086_nb,False Positive,,,,,,,,,,,,,,,,,,,,,,,,,,,,,,,,,,,,,,,,,,,,,,,,-0.0,-0.1505,-0.0009,-0.1767,0.1726,-0.0001,-0.0,0.0958,,,-0.1887,0.0361,,,-0.0,,,,,,,,,,,-0.0008,,,,,,0.607,,0.0337,,,,,,,-0.0,-0.0003,-0.0,-0.0072,-0.014,-0.0,0.2142,-0.0,-0.0027,,,,,,,,,,-0.0164,-0.0,-0.0,,-0.0194,,-0.0741,-0.0626,-0.0026,0.468,,-0.0012,-0.0012,,,,0.5749,-0.0,-0.0086,,,,,,,,,,,,,,,-0.0,,0.0012,,,,,,,,,,,,,,,,,,-0.0001,,,,-0.0,-0.0,,,-0.0046,-0.0,,,-0.0,,,,,,,,,,
nonb_087_nb,False Positive,,,,,,,,,,,,,,,,,,,,,,,,,,,,,,,,,,,,,,,,,,,,,,,,,-0.0,,,,,,-0.0,,,-0.0809,0.2424,,0.0133,,,,,,,,,,,,,,,,,,-0.001,,-0.0017,-0.1667,-0.198,,,,,-0.1883,-0.1399,0.1654,-0.0341,0.2813,,0.0,,,,,,,,,,,,,,,,-0.0005,,-0.0026,-0.0333,-0.0364,0.0002,-0.0,-0.0054,,,0.0063,,-0.0721,-0.0,-0.0365,,,,,,,,,,,,,,,,,0.2714,-0.0001,0.0,,,,,,,,,,,,,,,,,0.0002,,,0.0377,0.2505,,,0.2214,-0.0026,,,-0.0001,,,,,,,,,,
nonb_088_nb,False Positive,,,,,,,,,,,,,,,,,,,,,,,,,,,,,,,,,,,,,,,,,,,,,,,,-0.005,0.7367,0.208,0.7087,0.2563,,-0.0,0.3106,,-0.0,0.7825,-0.0002,,-0.0012,0.0016,,,,,,,,,,,-0.0001,,,,,,,,0.0073,,0.0708,,,,-0.0032,-0.0002,0.3232,0.0119,-0.0,,,,,-0.3386,,,-0.0032,,,,,,,-0.4558,-0.0293,-0.0026,,,,,,,-0.0,,-0.0,,,,,0.5171,,-0.0,,,,,,,,,,,,,,,,,-0.0,,,,,,,,,,,,,,,,,,-0.0006,-0.0002,-0.0,-0.0002,,-0.0,,,-0.0001,,,,,,,,,,,,,,
nonb_089_nb,False Positive,,,,,,,,,,,,,,,,,,,,,,,,,,,,,,,,,,,,,,,,,,,,,,,,,-0.0,,,-0.0,,,-0.0,,,-0.0178,-0.0337,-0.0,-0.0477,-0.0004,,,,,,,,,,,,,,,,,-0.0,,0.0003,,,,,,-0.0002,-0.1091,-0.0271,-0.0736,-0.0,-0.0026,,-0.1503,,,,,,,,,,,,-0.0068,-0.003,-0.0557,-0.0,-0.0991,,,,-0.0051,-0.1394,-0.1519,-0.0256,-0.0181,,0.032,-0.0,0.0602,-0.0061,-0.0129,,,,,,,,,,,,,,,,,0.0494,,-0.0,,0.0,-0.0023,-0.0013,-0.0104,-0.0,,-0.0,-0.0,-0.0,,-0.0,-0.0,-0.0,-0.0,-0.0073,-0.0005,,-0.0013,-0.0079,-0.0006,,-0.0017,0.0436,,,-0.0,,,,,,,,,,,
nonb_115_nb,False Positive,,,,,,,,,,,,,,,,,,,,,,,,,,,,,,,,,,,,,,,,,,,,,,,,-0.0,-0.22,-0.0614,-0.1259,0.0129,,-0.0,0.1329,,-0.0,0.0006,0.0138,-0.0,-0.0,0.0006,,,-0.0003,,,,,,,,,,,,,,-0.0581,,-0.0441,,0.0009,,,,-0.0,-0.0009,-0.0018,,,0.0054,,0.0487,,-0.0345,,,-0.0,,,,,,,-0.1424,-0.01,0.161,-0.0001,0.0011,-0.0007,-0.0075,-0.007,-0.0014,0.2376,-0.0003,-0.0017,-0.0002,-0.0,0.0001,-0.0,0.1251,,-0.0,,,,,,,,,,,,,,,,,-0.0,,,,-0.0,,,,,,,,,,,-0.0001,,,-0.0,0.0,,,,0.0,,,0.0109,,,,,,,,,,,,,,
nonb_116_nb,False Positive,,,,,,,,,,,,,,,,,,,,,,,,,,,,,,,,-0.0,,-0.0011,,,,,,,,,,,,,,,-0.0112,-0.0001,-0.0885,-0.219,,,-0.0637,,,-0.0707,0.2759,-0.0,0.004,0.0704,,,-0.0,,,,,,,,,,,,,,-0.0004,,-0.0033,,,,,,,-0.0068,0.0004,,-0.0013,-0.0055,-0.0,0.0122,-0.0,-0.0,,,,,,,,,,-0.0007,,,-0.0,-0.0101,-0.0084,-0.0089,-0.0037,-0.0015,-0.0063,-0.0511,-0.0827,-0.0003,-0.0,-0.0104,-0.0,0.0615,-0.0119,-0.0083,,,,,,,,,,,,,,,,,-0.0367,-0.026,0.0009,,,,,-0.0,-0.0,,-0.0001,,,,,,,,-0.0031,-0.0064,-0.0133,-0.0186,-0.0001,-0.0014,,,-0.0001,-0.0004,,,,,,,,,,,,,
nonb_117_nb,False Positive,,,,,,,,,,,,,,,,,,,,,,,,,,,,,,,,,,-0.0001,,-0.0,,,,,,,,,,,,-0.0003,-0.1119,-0.0,-0.0266,-0.0004,,,-0.0421,,,-0.3575,-0.1697,,-0.299,0.0004,,,,,,,,,,,,,,,,,-0.4139,,0.0,,0.0001,-0.0,,,-0.0003,0.0415,0.002,0.0,,,,-0.0,,,,,,,,,,,,-0.0016,-0.0,-0.0002,,,,,,,-0.0024,-0.0032,-0.0039,,,0.0,,-0.0463,-0.0,-0.0863,,,,,,,,,,,,,,,-0.0,,-0.0706,,,,,,,,,,,,,,,,,,-0.0007,0.0,,,-0.6068,-0.2728,-0.0199,-0.6308,-0.1957,-0.3276,,-0.0,-0.0761,,,,,,,,,,
