position,group,n,dominant_AA,is_scaffold,A,D,E,F,G,H,I,K,L,M,Q,R,S,T,V,W,Y
59,Binder,47,V,True,34.0,0.0,0.0,0.0,0.0,0.0,0.0,0.0,10.6,0.0,0.0,0.0,0.0,0.0,55.3,0.0,0.0
59,False Positive,48,V,True,8.3,0.0,0.0,0.0,0.0,0.0,0.0,0.0,2.1,0.0,0.0,43.8,0.0,0.0,45.8,0.0,0.0
59,Low Confidence,0,V,True,0.0,0.0,0.0,0.0,0.0,0.0,0.0,0.0,0.0,0.0,0.0,0.0,0.0,0.0,0.0,0.0,0.0
59,Fail Geometry,0,V,True,0.0,0.0,0.0,0.0,0.0,0.0,0.0,0.0,0.0,0.0,0.0,0.0,0.0,0.0,0.0,0.0,0.0
81,Binder,47,D,False,0.0,76.6,0.0,0.0,0.0,0.0,2.1,0.0,21.3,0.0,0.0,0.0,0.0,0.0,0.0,0.0,0.0
81,False Positive,48,L,False,0.0,22.9,0.0,0.0,0.0,0.0,0.0,0.0,75.0,0.0,0.0,0.0,0.0,0.0,2.1,0.0,0.0
81,Low Confidence,0,L,False,0.0,0.0,0.0,0.0,0.0,0.0,0.0,0.0,0.0,0.0,0.0,0.0,0.0,0.0,0.0,0.0,0.0
81,Fail Geometry,0,L,False,0.0,0.0,0.0,0.0,0.0,0.0,0.0,0.0,0.0,0.0,0.0,0.0,0.0,0.0,0.0,0.0,0.0
83,Binder,47,L,False,10.6,0.0,0.0,0.0,0.0,0.0,0.0,0.0,78.7,0.0,0.0,0.0,0.0,0.0,10.6,0.0,0.0
83,False Positive,48,A,False,60.4,0.0,0.0,2.1,0.0,0.0,0.0,0.0,27.1,0.0,0.0,0.0,0.0,0.0,10.4,0.0,0.0
83,Low Confidence,0,A,False,0.0,0.0,0.0,0.0,0.0,0.0,0.0,0.0,0.0,0.0,0.0,0.0,0.0,0.0,0.0,0.0,0.0
83,Fail Geometry,0,A,False,0.0,0.0,0.0,0.0,0.0,0.0,0.0,0.0,0.0,0.0,0.0,0.0,0.0,0.0,0.0,0.0,0.0
92,Binder,47,M,False,21.3,0.0,0.0,0.0,0.0,0.0,0.0,0.0,0.0,78.7,0.0,0.0,0.0,0.0,0.0,0.0,0.0
92,False Positive,48,A,False,60.4,0.0,0.0,0.0,10.4,0.0,2.1,0.0,0.0,27.1,0.0,0.0,0.0,0.0,0.0,0.0,0.0
92,Low Confidence,0,A,False,0.0,0.0,0.0,0.0,0.0,0.0,0.0,0.0,0.0,0.0,0.0,0.0,0.0,0.0,0.0,0.0,0.0
92,Fail Geometry,0,A,False,0.0,0.0,0.0,0.0,0.0,0.0,0.0,0.0,0.0,0.0,0.0,0.0,0.0,0.0,0.0,0.0,0.0
94,Binder,47,V,True,0.0,0.0,4.3,0.0,0.0,0.0,0.0,0.0,12.8,0.0,2.1,0.0,0.0,0.0,80.9,0.0,0.0
94,False Positive,48,V,True,2.1,0.0,35.4,0.0,0.0,0.0,0.0,0.0,4.2,0.0,0.0,0.0,0.0,0.0,58.3,0.0,0.0
94,Low Confidence,0,V,True,0.0,0.0,0.0,0.0,0.0,0.0,0.0,0.0,0.0,0.0,0.0,0.0,0.0,0.0,0.0,0.0,0.0
94,Fail Geometry,0,V,True,0.0,0.0,0.0,0.0,0.0,0.0,0.0,0.0,0.0,0.0,0.0,0.0,0.0,0.0,0.0,0.0,0.0
108,Binder,47,A,True,53.2,0.0,0.0,0.0,12.8,8.5,0.0,0.0,0.0,0.0,0.0,0.0,0.0,0.0,23.4,2.1,0.0
108,False Positive,48,A,True,70.8,0.0,0.0,0.0,6.2,4.2,0.0,0.0,0.0,2.1,2.1,0.0,0.0,0.0,14.6,0.0,0.0
108,Low Confidence,0,A,True,0.0,0.0,0.0,0.0,0.0,0.0,0.0,0.0,0.0,0.0,0.0,0.0,0.0,0.0,0.0,0.0,0.0
108,Fail Geometry,0,A,True,0.0,0.0,0.0,0.0,0.0,0.0,0.0,0.0,0.0,0.0,0.0,0.0,0.0,0.0,0.0,0.0,0.0
110,Binder,47,V,True,0.0,0.0,0.0,0.0,0.0,0.0,31.9,0.0,2.1,0.0,0.0,0.0,0.0,0.0,66.0,0.0,0.0
110,False Positive,48,V,True,0.0,0.0,0.0,0.0,0.0,0.0,14.6,0.0,10.4,0.0,0.0,0.0,0.0,0.0,75.0,0.0,0.0
110,Low Confidence,0,V,True,0.0,0.0,0.0,0.0,0.0,0.0,0.0,0.0,0.0,0.0,0.0,0.0,0.0,0.0,0.0,0.0,0.0
110,Fail Geometry,0,V,True,0.0,0.0,0.0,0.0,0.0,0.0,0.0,0.0,0.0,0.0,0.0,0.0,0.0,0.0,0.0,0.0,0.0
117,Binder,47,V,False,0.0,0.0,0.0,0.0,0.0,0.0,0.0,0.0,48.9,0.0,0.0,0.0,0.0,0.0,51.1,0.0,0.0
117,False Positive,48,L,False,0.0,0.0,0.0,0.0,0.0,0.0,0.0,0.0,64.6,0.0,0.0,0.0,0.0,0.0,35.4,0.0,0.0
117,Low Confidence,0,L,False,0.0,0.0,0.0,0.0,0.0,0.0,0.0,0.0,0.0,0.0,0.0,0.0,0.0,0.0,0.0,0.0,0.0
117,Fail Geometry,0,L,False,0.0,0.0,0.0,0.0,0.0,0.0,0.0,0.0,0.0,0.0,0.0,0.0,0.0,0.0,0.0,0.0,0.0
120,Binder,47,L,True,0.0,0.0,0.0,6.4,0.0,0.0,0.0,0.0,61.7,0.0,0.0,0.0,0.0,0.0,0.0,0.0,31.9
120,False Positive,48,L,True,0.0,0.0,0.0,6.2,0.0,0.0,0.0,0.0,70.8,0.0,0.0,0.0,0.0,0.0,0.0,0.0,22.9
120,Low Confidence,0,L,True,0.0,0.0,0.0,0.0,0.0,0.0,0.0,0.0,0.0,0.0,0.0,0.0,0.0,0.0,0.0,0.0,0.0
120,Fail Geometry,0,L,True,0.0,0.0,0.0,0.0,0.0,0.0,0.0,0.0,0.0,0.0,0.0,0.0,0.0,0.0,0.0,0.0,0.0
122,Binder,47,T,False,0.0,0.0,0.0,0.0,0.0,0.0,0.0,0.0,0.0,0.0,0.0,0.0,31.9,48.9,0.0,19.1,0.0
122,False Positive,48,W,False,0.0,0.0,2.1,0.0,0.0,0.0,0.0,0.0,0.0,0.0,0.0,0.0,20.8,27.1,0.0,50.0,0.0
122,Low Confidence,0,W,False,0.0,0.0,0.0,0.0,0.0,0.0,0.0,0.0,0.0,0.0,0.0,0.0,0.0,0.0,0.0,0.0,0.0
122,Fail Geometry,0,W,False,0.0,0.0,0.0,0.0,0.0,0.0,0.0,0.0,0.0,0.0,0.0,0.0,0.0,0.0,0.0,0.0,0.0
141,Binder,47,K,True,0.0,0.0,0.0,0.0,0.0,0.0,0.0,76.6,0.0,2.1,12.8,6.4,2.1,0.0,0.0,0.0,0.0
141,False Positive,48,K,True,0.0,0.0,0.0,0.0,0.0,0.0,0.0,45.8,0.0,0.0,14.6,33.3,6.2,0.0,0.0,0.0,0.0
141,Low Confidence,0,K,True,0.0,0.0,0.0,0.0,0.0,0.0,0.0,0.0,0.0,0.0,0.0,0.0,0.0,0.0,0.0,0.0,0.0
141,Fail Geometry,0,K,True,0.0,0.0,0.0,0.0,0.0,0.0,0.0,0.0,0.0,0.0,0.0,0.0,0.0,0.0,0.0,0.0,0.0
159,Binder,47,I,True,0.0,0.0,0.0,2.1,0.0,17.0,68.1,0.0,0.0,0.0,0.0,0.0,0.0,0.0,0.0,0.0,12.8
159,False Positive,48,I,True,0.0,0.0,0.0,4.2,0.0,39.6,50.0,0.0,0.0,0.0,0.0,0.0,0.0,0.0,0.0,0.0,6.2
159,Low Confidence,0,I,True,0.0,0.0,0.0,0.0,0.0,0.0,0.0,0.0,0.0,0.0,0.0,0.0,0.0,0.0,0.0,0.0,0.0
159,Fail Geometry,0,I,True,0.0,0.0,0.0,0.0,0.0,0.0,0.0,0.0,0.0,0.0,0.0,0.0,0.0,0.0,0.0,0.0,0.0
160,Binder,47,V,True,0.0,0.0,0.0,0.0,0.0,0.0,0.0,0.0,34.0,14.9,0.0,0.0,0.0,0.0,51.1,0.0,0.0
160,False Positive,48,V,True,0.0,0.0,0.0,0.0,0.0,0.0,0.0,0.0,25.0,10.4,0.0,0.0,0.0,0.0,64.6,0.0,0.0
160,Low Confidence,0,V,True,0.0,0.0,0.0,0.0,0.0,0.0,0.0,0.0,0.0,0.0,0.0,0.0,0.0,0.0,0.0,0.0,0.0
160,Fail Geometry,0,V,True,0.0,0.0,0.0,0.0,0.0,0.0,0.0,0.0,0.0,0.0,0.0,0.0,0.0,0.0,0.0,0.0,0.0
163,Binder,47,G,True,0.0,0.0,0.0,14.9,68.1,0.0,6.4,0.0,10.6,0.0,0.0,0.0,0.0,0.0,0.0,0.0,0.0
163,False Positive,48,G,True,0.0,0.0,0.0,12.5,50.0,0.0,8.3,0.0,29.2,0.0,0.0,0.0,0.0,0.0,0.0,0.0,0.0
163,Low Confidence,0,G,True,0.0,0.0,0.0,0.0,0.0,0.0,0.0,0.0,0.0,0.0,0.0,0.0,0.0,0.0,0.0,0.0,0.0
163,Fail Geometry,0,G,True,0.0,0.0,0.0,0.0,0.0,0.0,0.0,0.0,0.0,0.0,0.0,0.0,0.0,0.0,0.0,0.0,0.0
164,Binder,47,V,True,0.0,0.0,0.0,8.5,0.0,0.0,19.1,0.0,0.0,0.0,0.0,0.0,0.0,4.3,61.7,0.0,6.4
164,False Positive,48,V,True,0.0,0.0,0.0,31.2,0.0,0.0,6.2,0.0,0.0,2.1,0.0,0.0,0.0,8.3,52.1,0.0,0.0
164,Low Confidence,0,V,True,0.0,0.0,0.0,0.0,0.0,0.0,0.0,0.0,0.0,0.0,0.0,0.0,0.0,0.0,0.0,0.0,0.0
164,Fail Geometry,0,V,True,0.0,0.0,0.0,0.0,0.0,0.0,0.0,0.0,0.0,0.0,0.0,0.0,0.0,0.0,0.0,0.0,0.0
167,Binder,47,I,True,19.1,0.0,0.0,0.0,4.3,0.0,42.6,0.0,25.5,0.0,0.0,0.0,0.0,0.0,8.5,0.0,0.0
167,False Positive,48,I,True,18.8,0.0,0.0,0.0,18.8,0.0,25.0,0.0,20.8,4.2,0.0,0.0,0.0,10.4,2.1,0.0,0.0
167,Low Confidence,0,I,True,0.0,0.0,0.0,0.0,0.0,0.0,0.0,0.0,0.0,0.0,0.0,0.0,0.0,0.0,0.0,0.0,0.0
167,Fail Geometry,0,I,True,0.0,0.0,0.0,0.0,0.0,0.0,0.0,0.0,0.0,0.0,0.0,0.0,0.0,0.0,0.0,0.0,0.0
